水産,その他
管理部門,コーポレート・管理・総務
営業,営業職・販売
社員,その他
事務,事務
マーケティング,マーケティング職
製造,製造
食品部,その他
研究開発,研究開発
営業部署,営業職・販売
人事部,人事
人事・人材組織開発,開発・設計・技術
販売,営業職・販売
管理,コーポレート・管理・総務
関西支社,その他
管理系,コーポレート・管理・総務
業務用食品,その他
市販用,その他
技術･開発,開発・設計・技術
仕入,生産管理・調達・物流
商品開発,開発・設計・技術
管理系職種,コーポレート・管理・総務
事業部,その他
生産,製造
主任,マネジメント
営業（法人向け）,営業職・販売
種苗,その他
業務,その他
農薬,その他
技術,開発・設計・技術
生産技術部生産課ブリーダー,製造
国内卸,その他
小売部門,営業職・販売
営業課主任,営業職・販売
販売部門,営業職・販売
管理部事務,コーポレート・管理・総務
技術系,開発・設計・技術
キノコ生産,製造
栽培技術員,その他
住宅,営業職・販売
技術職,開発・設計・技術
分譲建売,営業職・販売
戸建て,その他
商品企画,企画系
設計インテリア,開発・設計・技術
住宅販売,営業職・販売
住宅事業部,その他
営業　主任,営業職・販売
個人営業,営業職・販売
本社,コーポレート・管理・総務
戸建部門,その他
営業職,営業職・販売
総合職,その他
分譲マンション,その他
戸建,その他
マンション,その他
戸建営業,営業職・販売
新築,その他
営業事務,営業職・販売
工務,現業
経理部企画課,経理財務
埼玉営業所,営業職・販売
現場作業員,現業
施工部,開発・設計・技術
営業部,営業職・販売
プロパティマネジメント部,その他
施工・管理,現業
PM,SE/PM系
IT,エンジニア系
法人営業,営業職・販売
総務部,コーポレート・管理・総務
SE,SE/PM系
投資営業,営業職・販売
施工管理,現業
アパート営業,営業職・販売
コンシェルジュ,その他
開発,開発・設計・技術
検査事業部,その他
検査事業部プロジェクトマネージャー,マネジメント
総合職（管理）,コーポレート・管理・総務
事務管理,事務
事務系,事務
事業部門,コーポレート・管理・総務
海外事業部,コーポレート・管理・総務
海外プロジェクトコマーシャル担当,マーケティング職
事業本部,コーポレート・管理・総務
事務系総合職,事務
コーポレート,コーポレート・管理・総務
企画職,企画系
事務職,事務
海外事業本部,コーポレート・管理・総務
技術職（エンジニアリング）,開発・設計・技術
総合職事務,事務
コーポレート部門,コーポレート・管理・総務
専門職,専門職
企画,企画系
一般職,その他
新規事業開発,開発・設計・技術
探鉱・開発,開発・設計・技術
生産管理,製造
現場,現業
技術（開発）,開発・設計・技術
海外事業,コーポレート・管理・総務
現場技術職,開発・設計・技術
経理,経理財務
人事・総務,コーポレート・管理・総務
操業,現業
エンジニア,エンジニア系
一般工,現業
生産部門,製造
財務,経理財務
分析部,その他
環境事業本部,その他
機械,開発・設計・技術
マーケティング部,マーケティング職
内勤,コーポレート・管理・総務
プロジェクトマネジメント,SE/PM系
プロジェクトマネジメント部,SE/PM系
PM本部,SE/PM系
設計,開発・設計・技術
施工管理業務,現業
技術本部,開発・設計・技術
建築施工管理,現業
課長代理,マネジメント
設計部・主任,開発・設計・技術
作業所長クラス,マネジメント
総合,その他
意匠設計,開発・設計・技術
工事部,開発・設計・技術
建築,その他
土木,現業
ITビジネス事業部,エンジニア系
ITエンジニア,エンジニア系
ネットワーク エンジニア,エンジニア系
NTT関連,その他
施工,現業
ドコモ事業本部,その他
NTT事業本部,その他
ネットワークエンジニア,エンジニア系
電気,現業
ICTソリューション,エンジニア系
インフラエンジニア,エンジニア系
モバイル,エンジニア系
設計管理,開発・設計・技術
テレフォンオペレーター,その他
ITビジネス事業本部,エンジニア系
システムエンジニア,エンジニア系
一般事務,事務
営業部門,営業職・販売
設計企画部,開発・設計・技術
設計本部,開発・設計・技術
設計積算部,開発・設計・技術
本社管理部門,コーポレート・管理・総務
建築技術部,開発・設計・技術
営業開発部,開発・設計・技術
企画営業,営業職・販売
仲介,営業職・販売
不動産,営業職・販売
仲介管理,営業職・販売
建築営業部,営業職・販売
Web制作部,エンジニア系
仲介部,営業職・販売
建設事業部,開発・設計・技術
事務補助,事務
建築施工,開発・設計・技術
建設業,現業
土木系,現業
事務系統,事務
現場支援業務,現業
建築営業,営業職・販売
文系,その他
現場事務,事務
都市開発,開発・設計・技術
東京支店建築第二部,その他
工事主任,現業
工事事務,事務
構造設計,開発・設計・技術
経営企画,企画系
設計部,開発・設計・技術
本部,コーポレート・管理・総務
建築本部,その他
土木職員,現業
国内建築現場,現業
システム部門,SE/PM系
現場勤務,現業
建築事業部,その他
建築事業本部,その他
文系総合職,その他
国際支店,コーポレート・管理・総務
建築総本部,その他
海外部門,マーケティング職
設備系技術職,開発・設計・技術
施工管理（建築）,開発・設計・技術
営業・不動産,営業職・販売
建設,その他
用地仕入れ,その他
人事,人事
不動産営業,営業職・販売
設計職,開発・設計・技術
経営管理部門,コーポレート・管理・総務
建設部門,開発・設計・技術
関西営業,営業職・販売
受注営業,営業職・販売
建築設計,開発・設計・技術
総合事務職,事務
建築分野,開発・設計・技術
建築部,開発・設計・技術
平社員,その他
工事係,現業
東京,その他
総務,コーポレート・管理・総務
現業部門,現業
海外,マーケティング職
総合職（土木）,開発・設計・技術
建築系,開発・設計・技術
総務本部,コーポレート・管理・総務
工事次長,マネジメント
現業支援部門,現業
設備施工管理,現業
技術研究所,研究開発
建築　施工管理,現業
建築施工/管理部門,コーポレート・管理・総務
現場監督,現業
現場管理,現業
営業本部,営業職・販売
土木部門　現場施工管理　工事課長代理,マネジメント
地盤,開発・設計・技術
部長,マネジメント
一般土木　工事部門,現業
管理職,コーポレート・管理・総務
土木部,開発・設計・技術
名古屋支店　土木部,開発・設計・技術
外勤,その他
土木設計,開発・設計・技術
建築設計部,開発・設計・技術
建設部,開発・設計・技術
土木　施工管理　副所長,マネジメント
技術職　外勤,開発・設計・技術
係長,マネジメント
出張所 副所長,マネジメント
内勤部門,コーポレート・管理・総務
土木分野,その他
海外部署,その他
事務総合職,事務
建築部長,マネジメント
本店,コーポレート・管理・総務
土木設計部,開発・設計・技術
建築事業,その他
店内部門,その他
工事主任クラス,マネジメント
建築 施工管理,現業
建築工事部,その他
建築工事部工務課,その他
土木工事部工務課,その他
技術系内勤,開発・設計・技術
建築技術職,開発・設計・技術
環境・品質管理課,その他
電気設備,開発・設計・技術
積算,その他
人事総務,コーポレート・管理・総務
工事課,現業
専門,専門職
建築現場,現業
建築エンジニア,エンジニア系
Jエポックホーム事業部,その他
営業課,営業職・販売
戸建て住宅,その他
新築営業,営業職・販売
工事,現業
賃貸営業,営業職・販売
情報システム部,SE/PM系
建築部門,現業
経営管理,コーポレート・管理・総務
東北事業部,その他
業務課,コーポレート・管理・総務
営業所,営業職・販売
ジュニアスタッフ,その他
建設営業,営業職・販売
不動産開発,開発・設計・技術
工事 施工管理,現業
総務部経理課,経理財務
本社　事務,事務
本社勤務,コーポレート・管理・総務
東京本社,その他
総合職(土木),開発・設計・技術
土木部門,開発・設計・技術
土木職,開発・設計・技術
国際部門,その他
支店,その他
総務系,コーポレート・管理・総務
土木技術,開発・設計・技術
機電,開発・設計・技術
主任クラス,マネジメント
営業・部長,営業職・販売
住宅・建築事業本部,その他
木材建材事業本部,その他
注文住宅事業部,その他
業務企画,企画系
木材建材事業,その他
住宅建築事業本部,その他
業務企画職,企画系
住宅営業,営業職・販売
スタッフ職,コーポレート・管理・総務
住宅本部,その他
住宅事業本部,その他
住宅設計,開発・設計・技術
山林環境部門,その他
業務職,コーポレート・管理・総務
設計グループ,開発・設計・技術
住宅事業本部 営業,営業職・販売
お客様サービス,その他
商業系,その他
広報,マーケティング職
住宅系,その他
分譲住宅,その他
流通店舗事業部,その他
経理課,経理財務
集合住宅,その他
集合住宅事業部,その他
資材,その他
集合住宅設計,開発・設計・技術
戸建て住宅営業,営業職・販売
技術者,開発・設計・技術
集合住宅営業　一般,営業職・販売
戸建住宅,その他
戸建住宅部門,その他
アフターサービス,その他
技術開発管理,開発・設計・技術
鉄骨,その他
土地活用 シャーメゾン,その他
住宅営業部門,営業職・販売
個人住宅,その他
シャーメゾン請負,その他
戸建住宅事業部,その他
アフター,その他
東京シャーメゾン事業本部,その他
戸建て担当,その他
戸建販売,営業職・販売
営業管理職,営業職・販売
住宅メンテナンス,その他
営業事務職,営業職・販売
営業主任,営業職・販売
住宅営業課,営業職・販売
土木施工管理,現業
管理部,コーポレート・管理・総務
内線工事,現業
内線工事部,現業
配電部門,その他
鉄道本部,現業
現場技術員,現業
鉄道本部通信部,現業
鉄道,現業
内線部門,その他
内線技術職,開発・設計・技術
技能職,開発・設計・技術
屋内線,その他
社会インフラ統括本部,その他
インフラチーム,開発・設計・技術
設備工事部,現業
屋内線部門,現業
社会インフラ,その他
通信工事,現業
東京営業本部　施工チーム,営業職・販売
インフラ設備工事,現業
電光,現業
内線,現業
設備,現業
一般工事部門,現業
配電,現業
一般工事,現業
施工管理(電気設備),現業
外線工事,現業
設備部,現業
補修,現業
横浜支社,その他
施工職,現業
一部一課,その他
内線部,現業
技能,開発・設計・技術
工事グループ,現業
電気施工管理,現業
一般事務職,事務
情報通信部,開発・設計・技術
通信,開発・設計・技術
係員（施工管理）,現業
現場代人,その他
工務部,その他
電気工事,現業
一般電気工事部門,現業
電車線施工管理,現業
情報通信本部,その他
工事部門,現業
鉄道工事・営業工事,営業職・販売
人事　総務,コーポレート・管理・総務
鉄道系施工管理,現業
電力課,その他
システム管理,SE/PM系
共通部門,その他
ソリューション部門,その他
ネットワーク,エンジニア系
技術部,開発・設計・技術
システム,SE/PM系
アクセス　施工,現業
管理職　施工管理,コーポレート・管理・総務
モバイル部門,その他
契約社員,その他
ドコモ事業部,その他
施工部門,現業
ITソリューション,エンジニア系
ネットワーク保守,エンジニア系
ネットワーク本部,エンジニア系
営業・事務系,営業職・販売
モバイル事業部,エンジニア系
NE,その他
モバイル啓,その他
NWエンジニア,エンジニア系
総務部門,コーポレート・管理・総務
電気環境,その他
コンサルタント,コンサルタント
建設コンサルタント,コンサルタント
国内コンサルタント,コンサルタント
国内事業本部,その他
制御設計,開発・設計・技術
流域防災,その他
海外コンサル,コンサルタント
国内事業部　社員,その他
国内事業,その他
国内コンサルタント事業本部,コンサルタント
コンサル海外部門,コンサルタント
業務部,その他
コンサルティング,コンサルタント
国内部門,その他
配電工事,現業
電気技術部門,開発・設計・技術
空調管工事部 現場担当,現業
エネルギーソリューション部,その他
一般,その他
空調管,その他
電気技術,現業
安全人事労務部,人事
空調管技術部,現業
電設,現業
電気 施工管理,現業
空調・衛生設備,現業
電気技術部,開発・設計・技術
施工管理職,現業
空調設備,現業
空調衛生設備工事施工管理,現業
空調管工事部,現業
空調衛生,開発・設計・技術
建築設備部門,開発・設計・技術
空調,その他
東京支社　総合職,その他
空調衛生技術,その他
総合職（技術）,開発・設計・技術
プラント,開発・設計・技術
建築設備,その他
法人,その他
支社,その他
プロジェクト部門,企画系
プロジェクト系エンジニア,エンジニア系
プロジェクト部,企画系
海外プロジェクト本部,企画系
事業開発,開発・設計・技術
機器設計,開発・設計・技術
プロセスエンジニア,エンジニア系
化学プロセスエンジニア,エンジニア系
Construction,その他
エンジニアリング,エンジニア系
詳細設計,開発・設計・技術
シニアエンジニア,エンジニア系
海外プロジェクト,企画系
プロジェクトエンジニア,エンジニア系
プロジェクトマネージャー,SE/PM系
プロジェクト,企画系
機械設計,開発・設計・技術
電計部,その他
技術担当課長,開発・設計・技術
プラント事業部,開発・設計・技術
電装,開発・設計・技術
電気・計装,開発・設計・技術
担当,その他
メンテナンス,その他
機械設備,開発・設計・技術
電気部門,その他
東京支店,その他
火力発電所常駐,現業
火力発電所,現業
監督,その他
東京本店技術部,開発・設計・技術
課員,その他
技術部主任,開発・設計・技術
技術系外勤,開発・設計・技術
大阪,その他
東京本店,その他
施工外勤,その他
大阪支店,その他
技術内勤,開発・設計・技術
デジタルソリューション事業本部,エンジニア系
エンタープライズ営業,営業職・販売
サポートエンジニア,エンジニア系
営業統括本部,営業職・販売
デジタルソリューション事業部,エンジニア系
キャリア系事業部,その他
カスタマエンジ,エンジニア系
エンジニアリングサポート事業本部,エンジニア系
プリセールス,営業職・販売
通信エンジニア,エンジニア系
保守,その他
インフラSE,SE/PM系
施工管理・営業,営業職・販売
営業所勤務,営業職・販売
管理本部,コーポレート・管理・総務
環境エンジニアリング部 施工管理,エンジニア系
設計・施工管理,開発・設計・技術
塗装システム事業部,SE/PM系
環境システム事業部,SE/PM系
環境システム,SE/PM系
環境事業部,その他
CADオペ,開発・設計・技術
工事管理,現業
設計部門（給排水・空調）,開発・設計・技術
電気工事施工管理,現業
業務用食品部,その他
業務用営業,営業職・販売
研究,研究開発
市販食品,その他
食品営業部門,営業職・販売
工場,製造
研究開発職,研究開発
業務用,その他
食品部門,その他
製粉,その他
設備系,その他
管理事務,コーポレート・管理・総務
生産技術部,製造
コンビニエンスストア向け部署,その他
技術系総合職,開発・設計・技術
管理課,コーポレート・管理・総務
畜産飼料,その他
システム情報部,SE/PM系
情報システム,SE/PM系
バックオフィス,コーポレート・管理・総務
サービス企画,企画系
マーケター,マーケティング職
賃貸事業部,その他
アプリケーションエンジニア,エンジニア系
制作,現業
HOME'S事業本部,その他
社内SE,SE/PM系
デザイナー,デザイナー
製造業部門,製造
リサーチャー,専門職
デジタル領域,その他
コンサルタント（営業職）,営業職・販売
リクルーティングコンサルタント,コンサルタント
マネージャー,マネジメント
事業法人,その他
会計チャネル,専門職
ファンド部,専門職
営業コンサルタント,営業職・販売
コンサル,コンサルタント
M&Aコンサルタント,コンサルタント
金融法人部,その他
M&Aコンサルタント（営業職）,営業職・販売
Ｍ＆Ａシニアエキスパート,専門職
M&Aアドバイザー,専門職
データアドベンチャーカンパニ,その他
プロデューサー,専門職
ディレクター,専門職
クリエイター,専門職
webディレクター,専門職
EMCカンパニー,その他
ビジネス,その他
フロントエンドエンジニア,エンジニア系
ビジネスユニット,その他
EMC,その他
アカウントマネージャー,マネジメント
クリエイティブ,デザイナー
FM事業部,その他
フリーマガジン,その他
広告営業,営業職・販売
広告,その他
採用部門,人事
IT部門,エンジニア系
管理営業,営業職・販売
製造業,製造
労務,人事
製造オペレーター,製造
経営基盤,コーポレート・管理・総務
マニファクチャ部門,その他
技術職社員の中途採用,開発・設計・技術
採用,人事
記者,専門職
編集,その他
メディア運営,その他
イベント運営,その他
サービス,その他
編集部,その他
運転手,現業
関係部門,その他
CADオペレーター・事務,事務
技術社員,開発・設計・技術
技術業務課(現場),開発・設計・技術
技術業務課,開発・設計・技術
技術課,開発・設計・技術
人材開発部技術業務課,開発・設計・技術
経理職,経理財務
人材開発部,開発・設計・技術
技術派遣員,開発・設計・技術
正社員,その他
一般社員,その他
IT関連,その他
人材関係,その他
派遣技術者,その他
建築・土木エンジニア,エンジニア系
自動車実験部門,開発・設計・技術
店舗管理,その他
その他,その他
店長,マネジメント
エリアマネージャー,マネジメント
企画・運営,企画系
長野,マネジメント
接客・サービス,その他
技術事業部,開発・設計・技術
アウトソーシング,その他
制御系エンジニア,エンジニア系
HVG,その他
HA事業部,その他
人材紹介事業部,その他
コーディネーター,その他
人材紹介,その他
人材派遣,その他
人材コーディネーター,その他
営業関連部門,営業職・販売
派遣,その他
人材,その他
営業一般,営業職・販売
リクルーティングアドバイザー,その他
エキスパート事業本部,その他
人材紹介部門,その他
テクニカルライター,専門職
翻訳,専門職
DTPオペレーター,その他
モチベーションマネジメント,その他
L本部,その他
組織開発本部,開発・設計・技術
コンサルティング事業部,コンサルタント
MMRカンパニー,その他
プロダクトマネージャー,マネジメント
新規事業,企画系
コンサルタント部門,コンサルタント
研修提供業務,その他
モチベーション・マネジメント事業,その他
戦略,専門職
投資銀行業務,専門職
アナリスト,コンサルタント
FA,その他
アドバイザー,その他
アソシエイトディレクター,マネジメント
アソシエイト,コンサルタント
AN,その他
アドバイザリー部門,専門職
経営管理本部,コーポレート・管理・総務
キャリアパートナー,人事
営業1部,営業職・販売
CP職【営業】,営業職・販売
セールス,営業職・販売
キャリアコンサルタント,コンサルタント
CP,その他
キャリアアドバイザー,人事
メディア企画部,企画系
医療,専門職
介護経営支援事業部,その他
運用,その他
キャリアパートナー職,その他
就転職エージェント,人事
介護,現業
ナースパートナー部,その他
医療日常インフラ事業部,その他
リーダー,マネジメント
PR,その他
AE,その他
開発事業本部,開発・設計・技術
PA,その他
フロント,その他
エリア営業部2課,営業職・販売
転職メディア事業部,その他
転職メディア,その他
人材紹介法人営業,営業職・販売
doda採用プロジェクト担当,人事
WEB系職種,その他
営業企画,営業職・販売
期間,その他
Works事業部,その他
dodaエージェント事業部,その他
dodaプラス事業部,その他
エージェント事業部,その他
IT企画,企画系
プラス部,その他
法人営業職,営業職・販売
RA,その他
メディア,その他
営業　リクルーティングアドバイザー,営業職・販売
ワークス,その他
ソフトウェアエンジニア,エンジニア系
投資企画,企画系
プラス,その他
CRA,その他
開発本部,開発・設計・技術
開発部門,開発・設計・技術
開発部,開発・設計・技術
モニター,その他
モニター職,その他
臨床開発モニター,開発・設計・技術
開発職,開発・設計・技術
開発事業部,開発・設計・技術
新規事業関連,企画系
レシピ事業,その他
マーケ,マーケティング職
サービス開発,開発・設計・技術
収益部門,その他
新規事業ディレクター,企画系
企画・営業,営業職・販売
グループ長,マネジメント
サービス部門,その他
新規事業営業,営業職・販売
プランナー,企画系
打合せ,その他
ブライダル,その他
ウエディングプランナー,企画系
支配人,マネジメント
調理,現業
財務経理,経理財務
新規営業部,営業職・販売
出向,その他
非公開,その他
ウェディングプランナー,企画系
ドレス,その他
ブライダル本部,その他
ブライダル事業本部,その他
婚礼,その他
打ち合わせプランナー,その他
ブライダル営業,営業職・販売
スタイリスト,専門職
衣装,その他
サービス業,その他
ドレスコーディネーター,その他
サービススタッフ,その他
衣裳,その他
研究部門,研究開発
製造職,製造
キャンディgl,その他
お客様窓口,その他
スタッフ,その他
マーケティング本部・商品開発研究所,研究開発
本社スタッフ,コーポレート・管理・総務
企画系,企画系
えい,その他
マーケテイング開発生産技術,開発・設計・技術
マーケティング本部,マーケティング職
ドーナツ課,その他
生産技術,製造
製造部,製造
工務課,現業
セールス課,営業職・販売
生産系,製造
デイリーヤマザキ事業,その他
パン,その他
和菓子,その他
喫茶店店員,現業
受付,事務
営業業務,営業職・販売
製品管理課,その他
製造部門,製造
コンビニエンス/小売/店長,マネジメント
カスタマー,その他
バックオフィス業務,その他
間接部門,コーポレート・管理・総務
物流部門,その他
市乳,その他
品質管理,開発・設計・技術
製品開発,開発・設計・技術
市乳・ＤＹ販売部　副主任,営業職・販売
支店営業,営業職・販売
技術職(工場),開発・設計・技術
家庭用営業,営業職・販売
食品,その他
MR,営業職・販売
研究職,研究開発
医薬品,その他
成形,その他
国際,その他
海外営業,営業職・販売
医薬開発,開発・設計・技術
主事,マネジメント
医薬品技術,開発・設計・技術
医薬事業,その他
臨床開発,開発・設計・技術
化粧品部,その他
医薬品事業本部,その他
量販部,その他
法人営業部門,営業職・販売
量販店営業,営業職・販売
生産本部,製造
食品技術職,開発・設計・技術
製造 主任,製造
製造課,製造
調達,生産管理・調達・物流
管理本部・事務・係長クラス,コーポレート・管理・総務
物流,生産管理・調達・物流
業務製品,その他
工場勤務,現業
輸入,生産管理・調達・物流
計画,その他
食肉事業本部,その他
内部統制,コーポレート・管理・総務
開発営業,開発・設計・技術
加工,その他
事業企画,企画系
営業補佐,営業職・販売
製造関係,製造
畜産,その他
営業系,営業職・販売
単味部門,その他
企画開発,開発・設計・技術
設備保全,現業
惣菜事業部,その他
食品製造,製造
和菓子事業,その他
精肉営業部,営業職・販売
料亭本店,その他
店舗運営,現業
惣菜,その他
営業企画部,営業職・販売
レストラン,その他
レストラン事業部,その他
輸入食肉,その他
所長代理,マネジメント
営業事務・管理,営業職・販売
営業課長,営業職・販売
財経部,経理財務
食肉,その他
販売部,営業職・販売
総合職(企画営業),営業職・販売
企業営業　大学営業,営業職・販売
フォトスタジオ,その他
カメラ,その他
接客,営業職・販売
スタジオ専門職,専門職
カメラマン,その他
スタジオ業務全般,その他
アシスタント,その他
サブマネージャー,マネジメント
店舗,その他
運営部,その他
準社員,その他
フロアスタッフ,現業
店舗スタッフ,現業
副店長,マネジメント
スタジオ全般,その他
カメラマン及び店舗運営,その他
IT技術者,エンジニア系
ソフトウェア開発,開発・設計・技術
金融,その他
モバイルビジネス,その他
情報処理サービス,その他
DM,その他
PV,その他
プログラマー,エンジニア系
臨床開発職,開発・設計・技術
臨床開発部,開発・設計・技術
臨床開発本部,開発・設計・技術
ファーマコヴィジランス本部,その他
データマネージメント,専門職
CDM事業本部,その他
ファーマコビジランス,その他
安全性業務,その他
安全性,その他
ＣＲＡ,その他
なし,その他
CDM部門,その他
ファーマコヴィジランス部,その他
G3 CRA,その他
臨床開発サポート,開発・設計・技術
臨床開発部・CRA,開発・設計・技術
CRA　他,その他
派遣CRA,その他
ITマネジメント事業部,その他
ヘルプデスク,その他
SD本部,その他
Web開発,開発・設計・技術
ソリューション事業,その他
Webシステム開発,開発・設計・技術
ソリューションデザイン本部,その他
ITマネジメント事業本部,その他
ITマネジメント,その他
計画業務,その他
アセットマネジメント,その他
機械部門,その他
非開発職,開発・設計・技術
経営企画室,企画系
金融システム事業部,SE/PM系
鉄鋼ソリューションズ事業部,その他
金融ソリューション事業本部,その他
鉄鋼,その他
流通・サービスソリューション事業部,その他
鉄鋼ソリューション事業部,その他
ITソリューション事業部,その他
システム設計,開発・設計・技術
シニアマネージャ,マネジメント
主査,マネジメント
マネージャ,マネジメント
財務部　マネージャー,経理財務
鉄鋼ソリューション事業部SE,SE/PM系
管理部門マネージャー,コーポレート・管理・総務
基盤エンジニア,エンジニア系
警備輸送,現業
サービスエンジニア,エンジニア系
警備業,現業
SS部,その他
機械警備,現業
警備員,現業
警備輸送部門,現業
機械警備隊員,現業
機械警備,その他
警備,現業
機械,その他
PL,SE/PM系
流通系SE,SE/PM系
金融本部　SE,SE/PM系
リーダ,マネジメント
金融系,その他
時間貸し,その他
営業管理部,営業職・販売
上級管理職,マネジメント
支社勤務,その他
総合営業職,営業職・販売
大阪支社,その他
駐車場,その他
アソシエイト職,コンサルタント
駐車場管理,その他
駐車場事業,その他
駐車場管理部門,コーポレート・管理・総務
駐車場係員,現業
首都圏,その他
営業他,営業職・販売
東京地区のカンパニー,その他
PG,エンジニア系
IT技術部,エンジニア系
食べログ営業本部,営業職・販売
マーケティング・企画,マーケティング職
ディレクター,マネジメント
ビジネス企画,企画系
カスタマーサービス,その他
企画ディレクター,企画系
価格.com担当,その他
コンテンツ企画,企画系
CRC,その他
治験コーディネーター,その他
グループリーダー,マネジメント
制作,その他
首都圏営業部,営業職・販売
広告,マーケティング職
編集,マーケティング職
インストラクター,専門職
クラブ,その他
本社・管理部門,コーポレート・管理・総務
スイミング,その他
店舗運営スタッフ,その他
フィットネス,その他
店舗運営,その他
クラブスタッフ,その他
クラブ運営,その他
トレーナー,その他
採用コンサルタント,コンサルタント
アウトソーシング部,その他
エリア事業部,その他
採用コンサルティング,コンサルタント
システム開発部,開発・設計・技術
日本,その他
広告制作部,その他
キャリアアドバイザー,専門職
WEBマーケティング,マーケティング職
内勤部門,その他
Webコンサルティング,コンサルタント
運用コンサル,コンサルタント
オペレーション業務,その他
検査,開発・設計・技術
安全性研究,研究開発
実験部門,開発・設計・技術
制作部,その他
メディア営業,営業職・販売
メディア営業本部,営業職・販売
人材紹介部,その他
リテール営業,営業職・販売
広告制作,その他
本部,その他
広告媒体営業,営業職・販売
法人営業（人材紹介）,営業職・販売
映画,その他
メディア情報事業部,その他
カウンセラー,専門職
人材紹介・キャリアアドバイザー,その他
サイト企画,企画系
広告営業　チーフ,営業職・販売
プロダクトマーケティング,マーケティング職
法人営業部,営業職・販売
オペレーション,現業
内勤営業,営業職・販売
内勤,その他
オペレーター,現業
営業 新規&現得,営業職・販売
コールセンター,その他
サービス開発部,開発・設計・技術
サービス部門　営業　役職なし,営業職・販売
ゲノム関連,その他
子会社役員,マネジメント
経営全般/役員,マネジメント
ホテル,その他
営業関連,営業職・販売
キャリア採用,人事
採用職,人事
雇用戦略統括部,その他
労務管理,人事
採用担当,人事
製造社員,製造
堺営業所,営業職・販売
豊橋営業所,営業職・販売
H&R事業部,その他
研究員,研究開発
データアナリスト,専門職
ビジネス,マーケティング職
ゲーム,その他
ビジネス職,マーケティング職
ビジネスディペロップメント,その他
経営・事業企画,企画系
プラットフォーム運営,その他
ゲームアナリスト,その他
コーポレート職,コーポレート・管理・総務
ビジネス総合職,マーケティング職
ゲーム企画職,企画系
ゲーム事業部,その他
カスタマーサクセス,マーケティング職
ゲームプロデューサー,その他
ゲーム開発部門,開発・設計・技術
システム部,SE/PM系
Biz,その他
トレーディングデスク,その他
業推,その他
メディアプランナー,マーケティング職
運用者,その他
プロダクト開発,開発・設計・技術
テクノロジー営業,営業職・販売
メディアアカウントプランナー,マーケティング職
ストラテジスト,専門職
アカウントプランナー,その他
プロデュース本部,その他
デジタルメディア,その他
部署長レベル,マネジメント
アカウント,その他
加盟店営業部,営業職・販売
加盟店営業,営業職・販売
プロモーション推進部,その他
企画開発部門,開発・設計・技術
Webエンジニア,エンジニア系
企画開発本部,開発・設計・技術
カスタマーサポート,その他
企画部門,企画系
事業部門,その他
加盟店営業部門,営業職・販売
開発部門・エンジニア,開発・設計・技術
OSGグループ,その他
管理部門・シニアマネージャー,コーポレート・管理・総務
代理店営業,営業職・販売
事業企画　兼　営業企画,営業職・販売
機材管理本部,その他
関西,その他
セキュリティ,その他
業務部Web集客グループ,その他
FSE,SE/PM系
鍵の出張サービス,現業
主事業部,その他
アフィリエイト事業部,マーケティング職
nex8事業部,その他
新規,その他
ADプラットフォーム事業部,その他
バックオフィス,その他
コンサルティング三課,コンサルタント
サポート,その他
講座運営支援,その他
教務,その他
特定派遣,その他
リサーチサポート職,マーケティング職
分析,マーケティング職
研究社員,研究開発
正社員型派遣,その他
キャリアコーディネーター,人事
派遣研究員,研究開発
研究補助者,研究開発
医薬品開発研究,研究開発
インターネット広告,マーケティング職
広告運用,マーケティング職
SDG,その他
国内事業部,その他
ビジネスデベロップメントグループ,マーケティング職
メンバー,その他
技術開発部門,開発・設計・技術
海外拠点　マネージャー,マネジメント
広告企画,企画系
ユニットリーダー,マネジメント
web系開発職,開発・設計・技術
営業サポート,営業職・販売
アフィリエイト本部,マーケティング職
コンサルティング営業統括部,営業職・販売
プロダクトマネージャ,マネジメント
営業以外,営業職・販売
ネットワーク管理,その他
SP本部,その他
コンサルティング部,コンサルタント
プロモーション,マーケティング職
受発注営業,営業職・販売
地区本部,その他
首都圏本部,その他
製造系,製造
営業部マネージャー,営業職・販売
宣伝,マーケティング職
管理部門　主任,コーポレート・管理・総務
外食,その他
工場　品質保証,開発・設計・技術
ビール,その他
製造技術,製造
ルート営業,営業職・販売
量販,その他
量販営業,営業職・販売
FP,専門職
ＦＰ,専門職
非正規雇用,その他
課長,マネジメント
デジタルマーケティング,マーケティング職
庶務,コーポレート・管理・総務
マーチャンダイザー,その他
ラウンダ,その他
料飲MD,営業職・販売
MD,営業職・販売
ルートセールス,営業職・販売
量販店チーム,営業職・販売
研究開発・生産管理,研究開発
ファイナンス,専門職
ブランド,その他
シニアブランドマネージャー,マネジメント
Manager,マネジメント
シニアマネジャー,マネジメント
営業支援,営業職・販売
事業本部,その他
商品開発部,開発・設計・技術
企画マネージャー,企画系
北陸地区,その他
国際部,その他
首都圏第一事業部,その他
油脂,その他
製造オペレータ,製造
コーポレートスタッフ,コーポレート・管理・総務
設計・開発,開発・設計・技術
経理・財務,経理財務
工務部,現業
支社支店,その他
管理部門系,コーポレート・管理・総務
食品メーカー,その他
SV,その他
スーパーバイザー,その他
"店舗, SV, 営業本部",営業職・販売
業務システム統括本部,SE/PM系
ASV,その他
事業開発部,開発・設計・技術
運営本部,その他
接客業,営業職・販売
店舗勤務,営業職・販売
小売,営業職・販売
店舗コンサル,コンサルタント
アシスタントスーパーバイザー,その他
ITステーション,その他
衣料,その他
小売業,営業職・販売
店舗運営部,その他
薬剤師,その他
売場担当者,営業職・販売
雑貨,その他
現場スタッフ,営業職・販売
販売職,営業職・販売
レジ,営業職・販売
店舗配属,営業職・販売
シューズ小売業,その他
販売職　副店長,営業職・販売
販売員,営業職・販売
販売スタッフ,営業職・販売
商品,その他
データ分析,専門職
販売促進,営業職・販売
リユース事業部,その他
販売企画,営業職・販売
直営部,その他
主任級,その他
運営部門,その他
アシスト,その他
店舗社員,その他
役職無し,その他
アパレル販売,営業職・販売
アパレル,その他
メンズ,その他
正社員・販売,営業職・販売
アパレル販売員,営業職・販売
店舗スタッフ,営業職・販売
非営業,営業職・販売
店長代行,マネジメント
販売/サブ店長,営業職・販売
営業 専門職,営業職・販売
店舗責任者,営業職・販売
仕入れ担当,生産管理・調達・物流
商品供給,その他
靴販売,営業職・販売
東北営業部,営業職・販売
ショップ,営業職・販売
西日本事業部,その他
モール事業部,その他
近畿事業部,その他
アスビー,その他
循環器事業部,その他
内部監査,コーポレート・管理・総務
一般事業部,その他
ラジ,その他
EC事業部,マーケティング職
経理事務,経理財務
販売・サービス,営業職・販売
店長候補,マネジメント
東日本本部,その他
店員,営業職・販売
サブ社員,その他
業務部・店長,マネジメント
海外事業部,その他
国内営業,営業職・販売
営業アシスタント,営業職・販売
店舗事業,その他
フーズ・ビバレッジ,その他
家電,その他
総合職（営業）,営業職・販売
総合職　営業部,営業職・販売
営業統括部,営業職・販売
物流職,その他
物流仕分け,その他
精肉,その他
チェッカー,その他
鮮魚,その他
惣菜部,その他
ドライ,その他
ウェイトレス,その他
キッチン,その他
半導体セールス,営業職・販売
エンジニア職,エンジニア系
技術部門,開発・設計・技術
CN・SE,SE/PM系
EC部門,マーケティング職
ＣＮ,その他
飲食部門,その他
関東支社営業,営業職・販売
インフラ,その他
資源,その他
職能,専門職
航空,その他
管理業務,コーポレート・管理・総務
プラント,その他
営業　総合職,営業職・販売
エネルギー電力事業部　ヨハネスブルグ支店長,マネジメント
資源エネルギー開発事業部,開発・設計・技術
人事総務部,コーポレート・管理・総務
会計・財務,経理財務
医薬本部　係長,マネジメント
静岡支店　営業,営業職・販売
人体薬,その他
配送,現業
MS,その他
常勤,その他
調剤薬局,その他
医療事務,事務
店舗薬剤師,専門職
スタッフ部門,コーポレート・管理・総務
SI事業部,その他
事業管理,コーポレート・管理・総務
事業マネジメント他,コーポレート・管理・総務
営業・マーケティング,営業職・販売
国内食品営業,営業職・販売
アミノサイエンス,その他
物流企画部,企画系
研究＆開発,研究開発
支社・営業・マネジャー,営業職・販売
中河原工場,製造
営業・提案営業・一般職,営業職・販売
支店営業事務,営業職・販売
研究開発本部,研究開発
工程管理　オペレーター,現業
フードサービス事業部,その他
横浜営業所,営業職・販売
営業関係,営業職・販売
生鮮BU,その他
営業支店,営業職・販売
東京支社,その他
管理スタッフ,コーポレート・管理・総務
業務用事業部惣菜グループ,その他
営業／管理他,営業職・販売
冷蔵倉庫事業,その他
一般総合,その他
倉庫業,現業
倉庫,現業
冷蔵,その他
冷蔵事業,その他
フォークリフトオペレーター,現業
冷蔵部門,その他
冷蔵倉庫,その他
九州事業部,その他
家庭用,その他
製造管理,製造
大卒事務系,事務
北海道,その他
本部営業マネージャー職,営業職・販売
王将営業部,営業職・販売
チルド食品,その他
生産技術職,製造
理系職,エンジニア系
本社勤務,その他
東日本販売部,営業職・販売
生産G,製造
販売 店長,営業職・販売
店舗販売,営業職・販売
生産部,製造
販売本部,営業職・販売
静岡ファクトリー,その他
たばこ事業,その他
セールス部門,営業職・販売
人事・企画,人事
R&D,研究開発
たばこ事業本部,その他
セールス部門　支店,営業職・販売
広報系（非営業系・本社）,営業職・販売
財務・経理,経理財務
総務職,コーポレート・管理・総務
国内営業職,営業職・販売
たばこ販売店営業,営業職・販売
国内たばこ,その他
医薬事業部,その他
財務・経理系,経理財務
M&S,その他
M＆S,その他
マーケティング&セールス,営業職・販売
コーポレート部門(スタッフ),コーポレート・管理・総務
たばこ,その他
商品課,その他
首都圏事業部,その他
経営企画・生産支援,製造
事務・企画・管理,企画系
企画マーケティング,マーケティング職
営業・サポート,営業職・販売
IT営業,営業職・販売
エンプラ事業部,その他
経営,マネジメント
電子部品事業部,その他
電子部品事業,その他
商品MD部,その他
資産運用,専門職
不動産部門,その他
フロント部門,その他
商品部,その他
販売接客,営業職・販売
飲食,その他
ホールスタッフ,営業職・販売
店舗営業,営業職・販売
技術戦略部,開発・設計・技術
審査部,専門職
調剤,その他
薬局,その他
管理系部門,コーポレート・管理・総務
調剤事務,事務
ネットワーク営業,営業職・販売
技術系部門,開発・設計・技術
販売営業,営業職・販売
サブ,その他
店舗サブ,現業
店舗オペレーション,現業
本社・事業部,その他
本部スタッフ,コーポレート・管理・総務
アイウェア部門,その他
経営管理　リーダー,マネジメント
売場,営業職・販売
Ⅲ,その他
生体,その他
リフォーム,その他
いきなりステーキ,現業
飲食店,現業
調理師,専門職
飲食業,その他
ホール,現業
商品販売企画部門,営業職・販売
基幹職,その他
品質保証,開発・設計・技術
ペースメーカー,その他
営業統括本部（グランチエリア）,営業職・販売
キッチンスタッフ,現業
営業　店舗勤務,営業職・販売
MG,その他
ランチ業態,その他
本社部門,コーポレート・管理・総務
経営戦略統括部,コーポレート・管理・総務
人事・経営企画,人事
営業推進部,営業職・販売
直営,その他
化粧品担当・管理栄養士,専門職
販売（化粧品担当）,営業職・販売
OTC専門,その他
東日本,その他
化粧品担当,その他
ドラッグストア事業部,その他
医薬品販売,営業職・販売
管理薬剤師,コーポレート・管理・総務
医薬品担当,専門職
一般従事者,現業
副長,マネジメント
調剤業務,現業
店長代理,マネジメント
東海,その他
フルフィルメント,その他
クリエイティブ,その他
物流管理,生産管理・調達・物流
BASE,SE/PM系
フルフィルメント部,その他
フルフィルメント本部,その他
テナントEC運営,その他
発送部門,その他
商品管理,その他
カスタマーサービス部門,その他
人事労務,人事
入荷,その他
カスタマーサービス部,その他
作業員,現業
カスタマーサポート ホスピタリティ本部,その他
予算管理,その他
倉庫内作業,現業
バイヤー,生産管理・調達・物流
店長職,マネジメント
ラーメン事業部,その他
丸源事業部,その他
店舗マネージャー,マネジメント
店舗営業部門,営業職・販売
焼肉,その他
新業態事業部,企画系
ゆず庵事業部,その他
焼肉店,その他
店舗主任,その他
店舗営業　主任,営業職・販売
焼肉事業部,その他
店頭スタッフ,営業職・販売
丸源,その他
営業本部と管理本部,営業職・販売
丸源ラーメン,その他
お好み焼き事業部,その他
ドラック事業部,その他
デイサービス　相談員,その他
従業,その他
登録販売者,営業職・販売
婦人雑貨,営業職・販売
外商,営業職・販売
紳士,営業職・販売
後方部門,コーポレート・管理・総務
アシスタントバイヤー,生産管理・調達・物流
海外現地法人,その他
百貨店事業本部　プロモーション商品統轄部,その他
MD部,マーケティング職
MD統括,マーケティング職
店頭マネージャー,マネジメント
店頭,営業職・販売
バイヤー/マネージャー,マネジメント
婦人営業部,営業職・販売
スポーツ用品事業部,その他
百貨店事業部,その他
店頭 担当者,営業職・販売
婦人服担当,営業職・販売
セールスマネージャー,営業職・販売
リビング　ＳＢＬ,その他
ブロックリーダー,マネジメント
中間管理職,マネジメント
非店舗,その他
生産技術開発,開発・設計・技術
ライフサイエンス事業部,その他
総合研究所,研究開発
高卒技能職,開発・設計・技術
化成品,その他
機能材本部,その他
ライフサイエンス,その他
フィルム生産統括部・品質保証部,製造
フィルム,その他
事業部門スタッフ,コーポレート・管理・総務
フイルム,その他
高分子開発,開発・設計・技術
繊維事業,その他
技術開発,開発・設計・技術
設備,その他
医療繊維事業部,その他
高分子事業本部,その他
フィルム製造部,製造
高分子事業,その他
設備の管理,その他
設備設計,開発・設計・技術
機能材,その他
繊維,その他
東京支社 営業部,営業職・販売
本社管轄　技術,開発・設計・技術
営業管理,営業職・販売
情報システム営業部,営業職・販売
工務課,開発・設計・技術
繊維部門,その他
グラスファイバー,その他
施設管理・設備管理,その他
収益管理本部,経理財務
経理部,経理財務
トリム,その他
製造部 班長,製造
秘書,その他
開発部門グループマネージャー,開発・設計・技術
開発・設計,開発・設計・技術
試作部,開発・設計・技術
クリアインク,その他
シート設計部,開発・設計・技術
期間工,製造
内装設計,開発・設計・技術
内装設計部,開発・設計・技術
実験部,開発・設計・技術
半導体事業部,開発・設計・技術
FAE,その他
ネットワーク,その他
自動車,その他
Web営業,営業職・販売
リユース,その他
仕入れ,生産管理・調達・物流
内勤営業/外勤営業,営業職・販売
システムデザイン,SE/PM系
バイヤー　地方配属,生産管理・調達・物流
コンタクトセンター,その他
次長,マネジメント
店長代行者,マネジメント
売り場担当,営業職・販売
調剤部門,その他
営業/店長,営業職・販売
エネルギーコストソリューション,その他
ECO事業部,その他
総務人事,コーポレート・管理・総務
店舗営業部,営業職・販売
unico事業部,その他
調理場　シェフ,専門職
販売事業部,営業職・販売
事務アシスタント,事務
販売職正社員,営業職・販売
WEBビジネスT,その他
化学,その他
システム本部,SE/PM系
出荷拠点,その他
流通系,生産管理・調達・物流
総合企画本部,企画系
店舗事業部,その他
EC,マーケティング職
販売その他,営業職・販売
PR企画,企画系
整備,現業
サービス職,その他
ディーラー事業部,その他
買取営業,営業職・販売
買取,営業職・販売
国産,その他
カーライフプランナー,マーケティング職
営業販売,営業職・販売
ディーラー,営業職・販売
中古自動車販売,営業職・販売
店舗開発,開発・設計・技術
本社社員,その他
ホール・接客,営業職・販売
生産本部ライン長,製造
従業員,その他
店舗経営スタッフ,その他
不動産,その他
管理部門スタッフ,コーポレート・管理・総務
本社一般社員,その他
印南工場,製造
生産本部工事課・設計課,開発・設計・技術
工事部,現業
工事部　施工管理,現業
分譲営業,営業職・販売
分譲営業課,営業職・販売
首都圏営業本部分譲営業課,営業職・販売
コスト管理,その他
賃貸不動産部門,その他
住宅営業部,営業職・販売
営業等,営業職・販売
住宅,その他
マンションプロジェクト推進担当,その他
東京本社　営業,営業職・販売
投資顧問,専門職
資産運用不動産,専門職
ハウジングアドバイザー,その他
店舗事務,事務
賃貸アドバイザー,その他
賃貸仲介,営業職・販売
賃貸,営業職・販売
プロパティマネージャー,マネジメント
プロパティーマネージャー,マネジメント
コンサルタント営業本部,営業職・販売
戸建て販売,営業職・販売
不動産仲介業,営業職・販売
不動産売買,営業職・販売
コーポレート本部,コーポレート・管理・総務
戸建仲介,営業職・販売
用地開発,開発・設計・技術
営業 戸建仲介,営業職・販売
仕入れ営業,営業職・販売
仲介営業　戸建販売,営業職・販売
企画関連業務,企画系
営業　事務,営業職・販売
戸建再生,その他
開発企画,開発・設計・技術
用地,その他
AM,その他
企画部,企画系
マンションの用地買収商品企画,企画系
ゴルフ場営業,営業職・販売
ウェブマーケティング,マーケティング職
EC運営,マーケティング職
事業会社マーケティングチーム,マーケティング職
Beenos,その他
販売・修理スタッフ,営業職・販売
営業スタッフ,営業職・販売
店舗 副店長,マネジメント
修理販売,営業職・販売
小売販売業,営業職・販売
薬剤部,専門職
調剤薬局事務,事務
未開示,その他
薬局事務,事務
一般薬剤師,専門職
接客販売業,営業職・販売
販売員/店長代理,営業職・販売
衣料商品部,その他
調理,その他
しゃぶ彩,その他
厨房スタッフ,その他
販促,マーケティング職
ドラッグストア,その他
担当　（登録販売者）,営業職・販売
代行,その他
受付事務,事務
販売職（登録販売者）,営業職・販売
出荷 製造,製造
カット工場,製造
青果販売,営業職・販売
デザイン,デザイナー
雑貨事業部,その他
営業部店長,営業職・販売
店舗業務,その他
教育,その他
マネジメント,マネジメント
素材,その他
マテリアル,その他
ヘルスケア事業部,その他
医薬,その他
エンジニアリング部門,エンジニア系
ヘルスケア営業,営業職・販売
生産部署,製造
エンジニア系,エンジニア系
新事業開発グループ,開発・設計・技術
高機能繊維複合材料,その他
電材,その他
研究・開発,研究開発
テキスタイル部門,その他
購買物流,生産管理・調達・物流
生産技術（電気系）,製造
工務,その他
プリプレグ,その他
化学素材,その他
製造・技術開発,開発・設計・技術
間接,その他
企画管理,企画系
フィルム生産課,製造
化学品,その他
大阪本社,コーポレート・管理・総務
化学品部門,その他
パフォーマンスプロダクツ,その他
建設業,その他
電池材料,その他
ケミカル,その他
機能性樹脂製造,製造
高機能ポリマー事業本部,その他
PP,その他
基盤技術研究所,研究開発
研究　技術,研究開発
ケミカル系,その他
ヘルスケア,その他
STUDIOUS,その他
営業部　企画,営業職・販売
販売・店長,営業職・販売
Sales,その他
STUDIOUS部門,その他
金型,その他
製造・管理,製造
ハウス・リースバック事業部,その他
FC,その他
加盟店開発,開発・設計・技術
役職なし,その他
施工管理課,現業
FC事業部,その他
京都本店,その他
ハウスリースバック,その他
スマートセカンド部,その他
アセットプランニング部門,その他
アセットプランニング,その他
アセットプランニング部,その他
総務部 人事課,コーポレート・管理・総務
課長クラス,マネジメント
KIS戸建分譲事業部,その他
マンション管理,その他
賃貸事業本部,その他
不動産専門職,専門職
自安設計部,開発・設計・技術
自動車安全部品,その他
品管,開発・設計・技術
開発設計,開発・設計・技術
店舗経営,その他
全般,その他
チーフ,その他
店頭販売,営業職・販売
管理本部関連,コーポレート・管理・総務
一般従業員,その他
販売・接客,営業職・販売
店舗販売員,営業職・販売
医療系,その他
車輌資材,その他
捺染課,その他
国際営業部,営業職・販売
卸売事業部,その他
BA,その他
製品部門,その他
コンサルタント営業,営業職・販売
第一事業部,その他
Marketing,マーケティング職
デザイン部門,デザイナー
新規事業戦略,企画系
レディース,その他
MD企画,企画系
産業系,その他
システムソリューション部門,SE/PM系
サービス営業,営業職・販売
ITコンサル,コンサルタント
基盤系,その他
中部,その他
ITプロ,SE/PM系
基盤本部,SE/PM系
金融系受託開発,開発・設計・技術
産業,SE/PM系
産業系部門,SE/PM系
ITコンサルタント,コンサルタント
フィナンシャル系・インフラ部門,SE/PM系
金融基盤部,SE/PM系
コンシューマ・コンテンツ事業部,マーケティング職
Webディレクター,エンジニア系
Webディレクション,エンジニア系
課長格,マネジメント
ゲーム事業本部,その他
PD,その他
経営企画グループ,企画系
CS,その他
経営戦略部,コーポレート・管理・総務
ソリューション本部,その他
環境エネルギー,その他
シンクタンク,専門職
企業経営部門,専門職
経営部門,専門職
ソリューション,その他
シンクタンク部門,専門職
研究・コンサル部門,研究開発
広告・宣伝,マーケティング職
エンジニア・チームリーダー,エンジニア系
システム開発,開発・設計・技術
チームリーダー,マネジメント
制作ディレクター,その他
企画制作,企画系
プロフィット,その他
制作アシスタント,その他
コンテンツディレクター,その他
公共部門,その他
主任クラス,その他
ＳＥ,SE/PM系
SE・コンサル,SE/PM系
ＩＴ,エンジニア系
システム導入,SE/PM系
事業部付,その他
データサイエンティスト,専門職
プロダクトビジネス本部,その他
アナリティクスサービス部門,専門職
アナリスト,専門職
分析部門,専門職
AS部,その他
アナリティクス,専門職
ゲーム課,マーケティング職
CGデザイナー,デザイナー
サイト運用,マーケティング職
モバイル,その他
運用本部,その他
ゲーム担当,マーケティング職
プロモーションチーム,その他
ゲーム関係,その他
運営,その他
運用部,その他
リサーチ,マーケティング職
一般社員・サイト開発,開発・設計・技術
データ管理系,マーケティング職
ライフスタイルサポート事業部,その他
エンターテインメント,マーケティング職
企画営業職,営業職・販売
クリエイター,その他
エンターテインメント事業本部,その他
エンジニア　平社員,エンジニア系
綜合,その他
ライフスタイルサポート,その他
ＥＣ事業部,マーケティング職
ゲーム部門,マーケティング職
ブライダル関連職,その他
比較サイト事業部,その他
エンターテインメント事業,マーケティング職
エンタメ事業,マーケティング職
エンターテイメント事業本部,マーケティング職
MGR,その他
プロダクト,その他
広告宣伝,マーケティング職
新規事業部,企画系
アートデザイナー,デザイナー
ゲームデザイナー,デザイナー
アーティスト,専門職
アプリ,その他
クライアントプログラマ,エンジニア系
サーバーサイドエンジニア,エンジニア系
エンタメ,マーケティング職
ソシャゲ開発,開発・設計・技術
クリエイティブ職,専門職
クライアントエンジニア,エンジニア系
3Dデザイナー,デザイナー
プログラマ,エンジニア系
クリエイター職,専門職
エンターテイメント本部,マーケティング職
UI,その他
コーポレート統括本部,コーポレート・管理・総務
エンジニアリング＆サービス部,エンジニア系
ゲームプランナー,専門職
ゲームエンジニア,エンジニア系
DBと営業企画,営業職・販売
ソフト開発,開発・設計・技術
リサーチャー,マーケティング職
リサーチコンサルティング本部,コンサルタント
リサーチ部門,マーケティング職
リサーチ系,マーケティング職
リサーチプランナー,マーケティング職
Me,その他
リサーチ・プランニング部,マーケティング職
エンタープライズ,その他
開発者,開発・設計・技術
SI部門,その他
電子書籍本部,その他
編成,その他
経営企画・管理,企画系
求人事業部,人事
マーケティングユニット,マーケティング職
web開発エンジニア,開発・設計・技術
子会社出向,その他
住まい,その他
開発系,開発・設計・技術
ソリューション開発部,開発・設計・技術
電気通信業,その他
クリエーター,専門職
コンテンツ制作,その他
アシスタントプロデューサー,マーケティング職
企画・ディレクション,企画系
メディア事業部,マーケティング職
ソフトウェア事業部,エンジニア系
自社サービス開発,開発・設計・技術
Webデザイナー,デザイナー
テストエンジニア,エンジニア系
品質サービス統括部,その他
テストマネージャ,その他
エンプラ,その他
QAエンジニア,エンジニア系
ソフトウェアテスト事業本部,エンジニア系
システムテスト,SE/PM系
テスト事業本部,その他
テスター,エンジニア系
テストエンジニアリング,エンジニア系
Game,その他
webサービス検証部門,エンジニア系
QA,その他
案件管理者,その他
実行管理,その他
ソフトウェアテスト,エンジニア系
品質保証エンジニア,エンジニア系
自動化エンジニア,エンジニア系
品質保証コンサルタント,コンサルタント
決済部門,その他
窓口販売,営業職・販売
家電量販店,営業職・販売
テレホンオペレーター,その他
一般技術職,開発・設計・技術
アプリケーション,その他
ネットワークセキュリティ,エンジニア系
本社　営業,営業職・販売
ネットワーク事業部,その他
開発エンジニア,開発・設計・技術
プリセールス・設計構築,開発・設計・技術
システム営業本部,営業職・販売
SRE,エンジニア系
カスタマーサポート部,その他
イノベーション・パートナーズ本部,研究開発
サポート職,その他
加盟店管理部,その他
事業推進部,その他
コンテンツ事業部,その他
東京システム事業部,SE/PM系
オープンチーム,その他
製造事業部,製造
システム開発1部,開発・設計・技術
SI,SE/PM系
セキュリティエンジニア,エンジニア系
クラウド本部,SE/PM系
テクニカルマネージャー,マネジメント
セキュリティ本部,その他
アプリ開発,開発・設計・技術
内勤事務職,事務
関連会社,その他
サポート業務,その他
総務・人事,コーポレート・管理・総務
運用監視,その他
リテールソリューション第2事業本部,その他
開発SE,開発・設計・技術
カード事業本部,その他
ヘルプデスクＳＶ,その他
特定顧客部門,その他
職種：ＳＥ,SE/PM系
特定顧客,その他
特定顧客事業本部,その他
特定顧客第一事業部,その他
管理・事務,コーポレート・管理・総務
特定顧客第2事業本部,その他
RS,その他
カード事業部,その他
ソリューション営業,営業職・販売
共用サーバ事業部,その他
営業・企画,営業職・販売
CSサポート,その他
コーポレート部,コーポレート・管理・総務
ERP開発部,開発・設計・技術
ERP開発,開発・設計・技術
ヒラ,その他
ビジネスサイド,その他
連結会計,経理財務
ITアーキテクト,エンジニア系
カスタマーエンゲージメント本部,その他
広報など,マーケティング職
SES,SE/PM系
経理本部,経理財務
金融ソリューショ本部　リーダー,マネジメント
デジタルソリューション事業部,その他
クラウドソリューション事業部,その他
クラウドサポート,その他
クラウド,その他
ソーシャル事業部,その他
第三システム事業部,SE/PM系
横浜,その他
システム事業部,SE/PM系
Web事業部,その他
Webクリエーター,専門職
人材ソリューション事業部,その他
システム営業部,営業職・販売
首都圏システムサポート本部,SE/PM系
システムサポート,SE/PM系
購買,生産管理・調達・物流
海外事業統括部門・次長クラス,マネジメント
事務部門,事務
イノベーション推進本部,研究開発
企画管理等,企画系
工務系,製造
購買部門,生産管理・調達・物流
昼専勤務,その他
保全員,現業
抄造,その他
設備保守,現業
仕上,その他
製紙,その他
物流部門,生産管理・調達・物流
工事関係,現業
加工品,その他
経営企画本部,企画系
企業内IT部門,その他
家庭紙営業,営業職・販売
クリエィティブ,専門職
emg,その他
ゲームアプリ,マーケティング職
スタジオ,その他
gg2 studio,その他
UIデザイナー,デザイナー
ゲームディレクター,マーケティング職
gg2,その他
事業部マネージャー,マネジメント
部門,その他
クラウドインテグレーション部,SE/PM系
ソリューションエンジニア,エンジニア系
ソリューション部,その他
クラウドインテグレーション本部,SE/PM系
インテグレーション,その他
ビジネスソリューションカンパニー,その他
セキュリティコンサルタント,コンサルタント
WEB制作,エンジニア系
西日本,その他
HR事業部,人事
公共,その他
産業公共事業本部,その他
金融系事業部,その他
サーバエンジニア,エンジニア系
第三事業部,その他
トラベル,その他
ディレクション系部署,その他
ディレクション,その他
総務人事広報,コーポレート・管理・総務
ソーシャルゲーム事業部,その他
ゲームサービス事業,マーケティング職
ゲーム事業,マーケティング職
ゲーム運営,マーケティング職
マーケティング・新規事業,マーケティング職
事業推進,コーポレート・管理・総務
ライター,その他
パッケージングディビジョン営業,営業職・販売
施設生産管理,製造
セロファン,その他
パッケージ部門,その他
工場 営業部,営業職・販売
東京製造事業部,製造
東京本部,その他
コンサルティング部門,コンサルタント
人材開発事業,開発・設計・技術
人材開発事業部,開発・設計・技術
人材開発,開発・設計・技術
会社員,その他
制作部門,その他
グローバルリサーチ本部,マーケティング職
データ管理周辺,その他
リサーチディレクター,マーケティング職
RD,その他
調査ディレクション,マーケティング職
アカウントプラナー,その他
マーケティングリサーチプロダクト本部,マーケティング職
オフライン調査ディレクター,マーケティング職
営業 主任,営業職・販売
リサーチ関連,マーケティング職
進行管理,その他
導入コンサルタント,コンサルタント
コミュニケーションデザイン事業部,その他
株式会社オロ,その他
クライアントワーク,その他
新卒人事,人事
たまごリピート,その他
銀行系システム部門,SE/PM系
組み込みエンジニア,エンジニア系
システム一部,SE/PM系
ITコンサルティング,コンサルタント
AIレジ部,その他
スタッフ系,その他
保全,現業
開発部門・管理職,開発・設計・技術
アシスタントマネージャー,マネジメント
事業部・S職,その他
工場事務,事務
SCM,その他
技術/課長,開発・設計・技術
保全グループ,その他
石油化学,その他
本社事業所,その他
会計,経理財務
経理財務,経理財務
無機材料事業,その他
機械エンジニア,エンジニア系
インフラ部門,その他
ERP,その他
製造スタッフ,製造
製造技術エンジニア,製造
研究技術職,研究開発
設備管理,現業
研究所,研究開発
機能化学品研究所,研究開発
生産職,製造
農業化学品事業部,その他
電子材料研究部,研究開発
事務企画,企画系
担当課長,マネジメント
事務系職種,事務
研究所勤務,研究開発
環境安全,その他
有機,その他
技術営業,開発・設計・技術
物流部,生産管理・調達・物流
四日市工場,製造
製造部技術職,製造
徳山製造所,製造
化成品部門,その他
化学部門,その他
生技,開発・設計・技術
ガラス,その他
加工課,製造
アクリル,その他
操業課,製造
名古屋工場,製造
R&D総合センター,研究開発
機能製品関連,その他
製造部門運転員,製造
例,その他
精密化学,その他
営業管理課,営業職・販売
エラストマー・機能樹脂部門,その他
エンジニアリング部,エンジニア系
生活・環境プロダクツ部門,その他
情報システム部門,SE/PM系
新潟工場,製造
試薬,その他
営業（MR,営業職・販売
ライフイノベーション部門,その他
技術開発部,開発・設計・技術
電子部門,その他
セラミック事業部,その他
生産技術/一般,製造
主任研究員,研究開発
セラミック製品開発部門　メンバー,開発・設計・技術
技術開発本部,開発・設計・技術
電子事業本部,その他
電子事業本部　開発部,開発・設計・技術
セラミック,その他
セラミックス,その他
セラミック製造工程のプロセス開発,開発・設計・技術
現場　一般,現業
本社 事務職,事務
研究製造エンジ,研究開発
電子材料,その他
プラント運転,現業
営業担当,営業職・販売
半導体関連,その他
研究部,研究開発
化成品部,その他
半導体,その他
有機合成,その他
研究開発・品質管理,研究開発
機能材料,その他
プラントエンジニアリング,エンジニア系
医療関連事業,その他
化学・建材,その他
業務課,その他
建材事業,その他
設計特注営業部,開発・設計・技術
開発　主任,開発・設計・技術
研究部係長,研究開発
BM課,その他
研究開発部,研究開発
樹脂,その他
川崎製造所 浮島工場 第三製造課,製造
化学品事業 部長,マネジメント
総務製造,製造
経理財務関係,経理財務
事業部研究,研究開発
事業部管理,コーポレート・管理・総務
事業企画・統括,企画系
バイオ,その他
E&I,その他
理系総合職,開発・設計・技術
ＱＯＬ事業部,その他
幹部職,マネジメント
事業部門管理スタッフ,コーポレート・管理・総務
工場スタッフ,製造
営業企画部・管理グループ,営業職・販売
MR職,営業職・販売
研究開発部門,研究開発
一般研究員,研究開発
学術,その他
営業 MR,営業職・販売
合成樹脂事業部,その他
技術系社員,開発・設計・技術
東京テクノパーク,その他
取締役,マネジメント
技術営業職,開発・設計・技術
事業,その他
コーポレート部門　グループリーダー,コーポレート・管理・総務
本社営業部,営業職・販売
市原工場　プラントオペレーター,製造
製造第一部,製造
石化部門,その他
主事,その他
企画系部門,企画系
エラストマー事業部,その他
工事部建設課,その他
機能高分子開発室,開発・設計・技術
製造技術部門,製造
品質保証部門,開発・設計・技術
検査部門,その他
設備保全,その他
情報システム関連,SE/PM系
情報電子部門,その他
樹脂化成品,その他
食品化学,その他
課長職,マネジメント
事業所総務ＧＬ,コーポレート・管理・総務
総合職（事務）,事務
営業系部署,営業職・販売
ダイセン・メンブレン・システムズ,SE/PM系
支援部門,その他
技術スタッフ,開発・設計・技術
樹脂素材,その他
情報,その他
防水,その他
情報通信,その他
生産技術研究,研究開発
企画・経営,企画系
テープ系,その他
環境ライフライン,その他
高機能プラスチックスカンパニー,その他
開発研究部門,研究開発
総合開発センター,開発・設計・技術
製品製造,製造
精密成形事業,その他
化成品事業部,その他
物流管理部,その他
化成品カンパニー,その他
R&Dセンター,研究開発
セメント製造,製造
東京本社勤務,その他
化学部門営業,営業職・販売
化学　研究開発,研究開発
技術系職種,開発・設計・技術
研究開発を,研究開発
管理部門・課長,コーポレート・管理・総務
総合職入社,その他
建設資材カンパニー,その他
製造部門等,製造
工場管理,その他
街路,その他
住設建材,その他
テープ,その他
直接作業者,現業
組立,製造
工程,現業
コーティング,その他
市販後調査室,その他
無し,その他
調達部,生産管理・調達・物流
医薬営業職,営業職・販売
セイフティシステムズ,SE/PM系
セイフティー,その他
機能化学品,その他
医薬事業本部,その他
データマネジメント,専門職
DM/統計解析,専門職
コントラクトMR,その他
統計解析,専門職
臨床開発センター,開発・設計・技術
統計解析部,専門職
DM,専門職
PMS事業部,SE/PM系
CRO,マネジメント
CSO事業部,その他
産業第１SI,その他
マーケティング事業部,マーケティング職
バックサイド,その他
BPO,その他
業務グループ,その他
コールオペレーター,その他
オペレータ,その他
CRM事業部,その他
ロードサービス,現業
コール対応,その他
ロードアシスト,現業
構築,その他
車関連,その他
第1事業部,その他
自動車関連,その他
ITソリューション部,その他
自動車四輪事業部,その他
自動車関連事業,その他
第1事業本部,その他
第3,その他
ユーザー系事業部,その他
システム開発部門,開発・設計・技術
JSE,SE/PM系
システムコンサルタント,SE/PM系
経営コンサルタント,コンサルタント
IT基盤セグメント,エンジニア系
本社機構,その他
コンサルティング事業本部,コンサルタント
保険,その他
コンサルティング本部,コンサルタント
テクニカルエンジニア,エンジニア系
保険ソリューション事業本部,その他
資産運用系,その他
産業ITイノベーション事業本部,その他
証券,その他
マーケティング戦略部,マーケティング職
資産運用ソリューション事業本部,その他
流通部門,生産管理・調達・物流
証券システム,SE/PM系
ビジネスプロデューサー,専門職
戦略コンサルティング部門,コンサルタント
BP,その他
第一システム課,SE/PM系
フィールドエンジニア,エンジニア系
SI・PG,エンジニア系
SE SIer,SE/PM系
金融パッケージ,エンジニア系
システムインテグレーター,SE/PM系
公共系,その他
メディア担当,その他
コピーライター・プランナー,専門職
企画・コンサル・メディア,企画系
デジタル,その他
ビジネスプロデュース,マーケティング職
クリエイティブ・プランナー,その他
クリエーティブ,その他
コピーライター,専門職
ビジネスプロデュース局,その他
営業（デジタル）,営業職・販売
クリエーティブ　営業　広報　デジタル研究開発,研究開発
ソリューションディレクター,専門職
ストラテジックプランナー,専門職
営業局,営業職・販売
ソリューションプランナー,専門職
デジタルビジネス局,その他
CMプランナー,専門職
製作部,その他
アナリスト/プロジェクトマネージャー,マネジメント
グローバルサービス部,その他
FMCG事業部,その他
リサーチ職,マーケティング職
耐久消費財,その他
ビジネスインテリジェンス本部,マーケティング職
マーケティングリサーチ,マーケティング職
FMCG,その他
調査運用,マーケティング職
営業企画／リサーチ,営業職・販売
一般職　SE,SE/PM系
クライアントサービス,その他
カスタマー部門,その他
ウエディングプランナー（営業）,営業職・販売
ウェディング事業本部OP統括,その他
WEBサービス,その他
アミューズメント,その他
接客 事務 清掃全般,事務
接客販売,営業職・販売
エネルギー環境,その他
電話営業,営業職・販売
エネルギー環境事業部,その他
サービスビジネス部門,その他
訪問看護師,専門職
兵庫,その他
事務所,事務
デザイン系,その他
機能部,その他
アプリケーションSE,SE/PM系
プロジェクトメンバー,その他
樹脂添加剤,その他
化成事業部,その他
油化事業部,その他
千葉工場,製造
研究系,研究開発
オペレーション部門,製造
営業部門　マネージャー,営業職・販売
東京　営業部,営業職・販売
品質保証部,開発・設計・技術
マネジャー,マネジメント
内緒,その他
営業ソリューション,営業職・販売
デマンドジェネレーション,その他
ラウンダー,その他
盛岡,その他
セールススタッフ,営業職・販売
事務局,事務
通信,その他
通信営業部,営業職・販売
業務委託,その他
代理店営業部,営業職・販売
AWSエンジニア,エンジニア系
MS事業部,その他
ビジネス統括本部,その他
Eight事業部,その他
インサイドセールス,営業職・販売
フィールドセールス,営業職・販売
システム系,SE/PM系
sansan事業部,その他
ビジネスフロント,その他
Sales Development,SE/PM系
サポート系,その他
SD部,その他
フロント職,その他
トイレタリー,その他
マーケテイング,マーケティング職
会計財務,経理財務
生産系スタッフ,製造
コンシューマー,その他
マーケティング部門,マーケティング職
コンシューマープロダクツ部門,その他
研究者,研究開発
生産技術部門,製造
ＭＫ,その他
MK,その他
研究・開発職,研究開発
研究・開発系,研究開発
インフラ系,その他
シニアマネージャー,マネジメント
プロジェクトマネージメント,SE/PM系
2システム,SE/PM系
第二システム本部,SE/PM系
医薬営業,営業職・販売
事務系管理職,事務
国内,その他
十三工場,製造
海外営業　海外マーケティング　メディカルアフェアーズ　メディカルインフォメーショ,営業職・販売
管理・事務系,コーポレート・管理・総務
安全性管理部門,その他
信頼性保証,その他
CMC,その他
メディカルアフェアーズ,その他
薬事部,専門職
社長直轄,マネジメント
製薬技術,専門職
主査,その他
医薬情報担当者,その他
臨床開発　マネージャー,開発・設計・技術
医薬品関連,専門職
学術部,その他
問い合わせ部門,その他
MA本部,その他
研究開発スタッフ,研究開発
ＭＲ,その他
OTC部門,その他
プロダクトオーナー,その他
国内マーケティング,マーケティング職
医薬品製造販売,営業職・販売
営業係長,営業職・販売
営業 課長,営業職・販売
主任以上,その他
改良剤事業,その他
食品営業,営業職・販売
生産系　品質管理,製造
色々,その他
一般総合職,その他
美容部員,営業職・販売
オンコロジー営業部,営業職・販売
オンコロジー,その他
国際事業部,その他
企画職　課長,企画系
医薬営業本部,営業職・販売
創薬研究所,研究開発
子会社（工場）,製造
眼科事業部,その他
Sales & Marketing,営業職・販売
研究関連部門,研究開発
管理部スタッフ,コーポレート・管理・総務
研究立案,研究開発
品質管理部,開発・設計・技術
茨城工場,製造
購買部,生産管理・調達・物流
心臓血管カンパニー,その他
TIS,その他
国内営業推進本部,営業職・販売
カテーテル事業,その他
本社　スタッフ,コーポレート・管理・総務
品質部門,開発・設計・技術
臨床部門,その他
営業(MR),営業職・販売
品質管理部門,開発・設計・技術
医薬品メーカー,その他
管理・購買部門,コーポレート・管理・総務
営業所管理薬剤師,営業職・販売
研究技術,研究開発
営業所スタッフ,営業職・販売
コンシューマーヘルスケア部門,その他
コンシューマーヘルスケア事業部,その他
医療用医薬品,その他
MRとして,営業職・販売
OTC,その他
コンシューマーヘルスケア,その他
CHC,その他
安全性情報管理,その他
新薬開発,開発・設計・技術
マーケティング部 製品戦略G,マーケティング職
営業（ＭＲ）,営業職・販売
医薬品事業部,その他
ニュートラシューティカルズ事業部,その他
ライセンス部,その他
セルフメディケーション,その他
臨床開発関連,開発・設計・技術
品質,その他
OTC営業,営業職・販売
医薬事業部門,その他
医薬事業部門・管理職,マネジメント
財務部門,経理財務
技術補助,開発・設計・技術
企画・管理系,企画系
経営管理部,コーポレート・管理・総務
塗料事業部,その他
汎用,その他
生産 事業所,製造
監査室,その他
マリン,その他
インキ,その他
事業本部の企画部長兼製品マネジャー,企画系
サンディック（株）へ出向,その他
合成樹脂の製造,製造
総務グループ,コーポレート・管理・総務
営業　管理職,営業職・販売
高分子,その他
厚木事業所,製造
技術派遣,開発・設計・技術
メカエンジニア,エンジニア系
電気系設計技術職,開発・設計・技術
電気分野 技術職,開発・設計・技術
技術派遣職,開発・設計・技術
ソフト,その他
派遣技術者,開発・設計・技術
ソフトウェア,エンジニア系
営業担当　役職なし,営業職・販売
電気系,その他
技術関連職,開発・設計・技術
HS,その他
HS事業部,その他
SE事業部,SE/PM系
太陽光発電,その他
現業,現業
現場部門,現業
商品本部,その他
経理部キャッシュコントロールグループ　スーパーバーザー,経理財務
バックオフィス部門,その他
パークオペレーション職,その他
公共系開発　SE,開発・設計・技術
SE・営業,営業職・販売
ITサービス,その他
サーバーエンジニア,エンジニア系
SIer,SE/PM系
レントオール事業部,その他
本社事務職,事務
ダスキンルートセールス,営業職・販売
ベーカリー,その他
企画管理系,企画系
企画・マネージャー職,企画系
業務管理部,コーポレート・管理・総務
企画業務,企画系
キャッシュレス部門,その他
教室長,マネジメント
契約社員　講師,その他
室長,マネジメント
インフラ事業部,その他
アプリエンジニア,エンジニア系
ビジネスソリューション事業部,その他
ビジネスソリューション本部,その他
プロジェクトリーダー,マネジメント
技術開発職,開発・設計・技術
ビジネス・ソリューション事業部,その他
WEB管理者,その他
美術局,その他
ドラマ,その他
web関連,その他
制作等,その他
美容師,専門職
レセプション,その他
アミューズ,その他
運営部アミューズメント部門,その他
会員制本部,その他
ホテル運営職,その他
ホテル・レストラン事業部,その他
サービス担当,その他
料飲部,その他
厨房,その他
本社系,その他
ソリューションシステム部,SE/PM系
金融部門,その他
推進部,その他
ソリューション営業部,営業職・販売
産業ソリューション統括部,その他
SE部門,SE/PM系
システム部SE　グループリーダー,SE/PM系
東京本社システム部　SE　グループリーダー,SE/PM系
開発系部門,開発・設計・技術
法人向け営業職,営業職・販売
ソリューション事業部,その他
クレジット統括部　SE　一般社員,SE/PM系
ショッピングカンパニー,その他
コマース,その他
Webサービスエンジニア,エンジニア系
エンジニアから企画職,エンジニア系
Eコマース,その他
決済金融カンパニー,その他
システム企画,SE/PM系
関東,その他
臨床検査,その他
ドレスコーディネーター,専門職
コンシェルジュ,専門職
プリセールスSE,営業職・販売
TS,その他
NA,その他
エキスパート,専門職
多種,その他
BPOサービス本部,その他
センター長,マネジメント
サービス室,その他
チーフスーパーバイザー,マネジメント
東北支店　スーパーバイザー,マネジメント
現場マネージャー,マネジメント
講師,その他
教務企画局,企画系
教室勤務,その他
講師職,その他
教務企画　教室運営,企画系
営業(OCI),営業職・販売
HGBU,その他
オペレーションズ部,その他
セールスコンサルタント,営業職・販売
アプリケーション営業,営業職・販売
クラウド・アプリケーション,エンジニア系
クラウドアプリケーション事業統括,エンジニア系
ISR,その他
アプリケーション統括,エンジニア系
専任,その他
校舎,その他
専任講師,その他
個別進学指導部,その他
教育事業,その他
第二事業本部,その他
一般　顧客先常駐,その他
コンサルタント・アーキテクト,コンサルタント
TIG,その他
流通,生産管理・調達・物流
アーキテクト,専門職
シニアコンサルタント,コンサルタント
CPG,その他
ＡＣ,その他
ITスペシャリスト,その他
アプリケーション開発,開発・設計・技術
無,その他
部員,その他
開発部管理職,開発・設計・技術
WEBコーディネーター,エンジニア系
PLN,その他
管理系の部門,コーポレート・管理・総務
マーティング,マーケティング職
情報通信事業グループ,その他
テレコム事業本部,その他
サービス系事業部,その他
エンタープライズ事業グループ,その他
フロント営業,営業職・販売
流通・エンタープライズ事業グループ,その他
製品主管部門・マネージャー,マネジメント
公共システム事業部,SE/PM系
教室,その他
現場職,現業
教室運営,その他
教室社員,その他
副室長,マネジメント
流通システム営業部,営業職・販売
プログラマー・エンジニア,エンジニア系
広告コンサル,コンサルタント
広告法人営業,営業職・販売
販促企画・営業企画,営業職・販売
AI事業部,その他
広告事業本部,その他
ABEMA,その他
モバイル事業,その他
Producer,専門職
カンパニー,その他
本社コーポレート,コーポレート・管理・総務
エンタテイメントカンパニー,その他
楽天市場,その他
基地局設置,その他
UX Designer,デザイナー
メディア&スポーツカンパニー,その他
金融サービス本部,その他
CE,その他
ミドル,その他
映像専門職,専門職
デジタル・コミュニケーション・グループ,その他
エージェント,その他
制作部署,その他
営業制作,営業職・販売
第三本部,その他
プロモーションマネージャー,マネジメント
LA,その他
エリア営業,営業職・販売
エリア部門,その他
ITソリューション,SE/PM系
LA事業部,その他
エリア,その他
通信営業,営業職・販売
たのめーる事業部,その他
中央,その他
システム営業,営業職・販売
コーポレート系,コーポレート・管理・総務
UX/UIデザイナー,デザイナー
経営コンサルティング事業本部,コンサルタント
Mgr以上,マネジメント
シニアコンサル,コンサルタント
東京コンサルティング部門,コンサルタント
コンサルティング事業本部　マネージャー,マネジメント
支店・マネージャー,マネジメント
地方拠点　副部長,マネジメント
大阪支店マネージャー,マネジメント
管理職（マネージャー・副部長・部長）,コーポレート・管理・総務
コンサルティング事業本部第三部,コンサルタント
事業承継コンサルティング,コンサルタント
組織再編,その他
関東の支店,その他
受付,その他
指導員,その他
スポーツインストラクター,専門職
製造ソリューション事業部,製造
プロダクト部門,その他
金融事業部,その他
エンタープライズソリューション,その他
IoT開発,開発・設計・技術
ソフトウェア開発部 SE,開発・設計・技術
プログラムマネージャー,マネジメント
モバイル開発,開発・設計・技術
広告代理事業,その他
マーケティングテクノロジーカンパニー,マーケティング職
プロデュース,専門職
ウェブ関連,その他
マーケティングテクノロジー本部,マーケティング職
決済事業,その他
営業　７年　男性,営業職・販売
技術支援部　リーダー,開発・設計・技術
インフォメーションセンター,その他
開発メンバ,開発・設計・技術
官公庁システムチーム,SE/PM系
横浜本社,その他
サブリーダ,その他
ワイドビジネス事業部,その他
SIビジネス事業部,その他
ERP導入,その他
ソリューション事業本部,その他
プロダクト事業本部,その他
SAP,その他
プロダクト事業,その他
ＩＴエンジニア,エンジニア系
アプリコンサルタント,コンサルタント
第3システム開発本部,開発・設計・技術
基盤,その他
信越,その他
本社/営業部,営業職・販売
法人系営業職,営業職・販売
中途採用支援,人事
中途求人メディア事業部,その他
中途求人メディア,その他
中途メディア事業部,その他
WEBマーケター,マーケティング職
製造DIV,製造
中途採用,人事
クリエイティブ系,その他
生産本部（本社）,製造
製剤２課,製造
包装課,その他
産業機材事業部,その他
R&D統括本部,研究開発
メディカルシステム開発センター,開発・設計・技術
有機合成化学研究所,研究開発
医療部門,その他
ドキュメントソリューション,その他
製造部生産管理,製造
Ｒ&Ｄ総括本部,その他
マーケティング・営業,営業職・販売
技術総合職,開発・設計・技術
電子映像,その他
商品企画・需給・営業,営業職・販売
法務,法務
新規事業部門の生産技術,製造
情報機器開発本部,開発・設計・技術
情報機器,その他
電気系エンジニア,エンジニア系
開発統括部,開発・設計・技術
グローバル,その他
ブランド戦略,企画系
事務・企画,企画系
エリア営業本部,営業職・販売
化学品事業部,その他
東京支社　営業,営業職・販売
副主任,その他
品質保証　社員,開発・設計・技術
管理部門 事務職,コーポレート・管理・総務
貿易事務,事務
事務・管理・企画・経営,企画系
FS,その他
開発・技術職,開発・設計・技術
フィールドマーケティング,マーケティング職
化粧品,その他
営業企画系,営業職・販売
ＣＲＭ部,その他
ビューティアドバイザー,その他
テレマ,その他
化粧品の開発,開発・設計・技術
直営店の販売員,営業職・販売
地方営業,営業職・販売
商品デザイン部,その他
営業推進,営業職・販売
フェイシャリスト,その他
代理店事業,その他
海外事業,その他
事業戦略,その他
拠点長,マネジメント
経営企画部門,企画系
ダイレクトマーケティング,マーケティング職
ボンド営業本部,営業職・販売
ボンド事業,その他
商社,その他
フレーバー研究所,研究開発
マーケティング戦略推進部,マーケティング職
製品企画,企画系
薬事,その他
研究開発員,研究開発
製造第四係,製造
製造技術部,製造
設備等担当,その他
電子部品,その他
グローバルセールス＆マーケティング本部,営業職・販売
製品開発職,開発・設計・技術
経営戦略室,コーポレート・管理・総務
商品設計,開発・設計・技術
アドバンストマテリアル事業部,その他
一般管理,コーポレート・管理・総務
PE,その他
販売系,営業職・販売
プロダクションエンジニア,エンジニア系
営業・研究企画,研究開発
電力販売部,営業職・販売
特約店担当,その他
PE　運転保守,その他
担当職,その他
ＭＥ,その他
製油所,製造
支店勤務,その他
メカニカルエンジニア,エンジニア系
環境,その他
プラントオペレーター,製造
製油所　エンジニア,エンジニア系
供給本部,その他
エネルギー開発,開発・設計・技術
タイヤ,その他
MB,その他
原価企画,企画系
グローバル調達本部,生産管理・調達・物流
コーポレーション,その他
材料開発部,開発・設計・技術
総合職(技術),開発・設計・技術
成型,製造
仙台工場,製造
成型課,製造
海外系,その他
タイヤ設計部門,開発・設計・技術
小平TC,その他
技術センター,開発・設計・技術
化工品,その他
化工品開発,開発・設計・技術
開発企画職,開発・設計・技術
多角化,その他
間接管理部門,コーポレート・管理・総務
非タイヤ,その他
材料設計,開発・設計・技術
タイヤ海外販売部門,営業職・販売
事務系/管理部門,事務
トラックバス,その他
生産統括,製造
ホールディングス,その他
タイヤ設備,その他
事務管理系,事務
タイヤ部門,その他
海外事業部・技術サービス,その他
製品開発部門,開発・設計・技術
材料第二部,その他
スポーツ,その他
経営企画系,企画系
工場管理部門など,その他
工場総務,コーポレート・管理・総務
管理系　一般,コーポレート・管理・総務
文系採用,その他
人事部門,人事
自動車部品,その他
ベルト,その他
化工品事業部　主任級,その他
自動車関連 技術系,開発・設計・技術
加硫製造,製造
自動車部品部門,その他
国際事業部門　平社員,その他
中国駐在,その他
営業第2統括部,営業職・販売
化学品カンパニー,その他
電子,その他
事業開拓,その他
製造工場,製造
電子カンパニー,その他
製造・生産技術,製造
技術/生産技術,開発・設計・技術
プラントエンジニア,エンジニア系
電子カンパニー・主席,その他
設備関係,その他
自動車部門,その他
ガラス食器販売,営業職・販売
ガラス食器,その他
製品開発・生産技術,開発・設計・技術
法務・経理,経理財務
新規技術部門　マネージャー,マネジメント
セメント事業部・生産技術部(工場勤務),製造
設備部機械課,現業
電気保全,その他
設備部,その他
設備技術,開発・設計・技術
匿名,その他
工業機材　生産技術,製造
エンジニアリング事業部 設計,開発・設計・技術
営業・事務,営業職・販売
開発業務,開発・設計・技術
エンジニアリング事業部,エンジニア系
電子事業部　技術営業,営業職・販売
電子ペースト,その他
工業機材,その他
セラミックマテリアル事業本部,その他
ダイヤモンドドレッサー,その他
工機,その他
間接系,その他
衛陶生産本部,製造
衛陶事業部,その他
知財,法務
関西支社　販売推進部,営業職・販売
NAS電池,その他
本社技術部,その他
セラミックス事業部,その他
設計・一般職,開発・設計・技術
本社・研究開発,研究開発
センサ製造,製造
本社・研究,研究開発
セラミックス事業本部,その他
圧電セラミック部門,その他
自動車関連事業部,その他
プラグ事業部,その他
製品設計,開発・設計・技術
本社・事務系,事務
事務（総務人事）,コーポレート・管理・総務
岡山工場,その他
理系執務職,その他
ファーネス事業部,その他
耐火物レンガ,その他
品質保証本部,その他
財務企画法務,経理財務
高機能事業部,その他
九州,その他
技術（総合職）,開発・設計・技術
操業技術,その他
製鉄,その他
総合技術職（グローバル）,開発・設計・技術
整備部門,その他
部門技術,その他
決算,経理財務
東日本製鉄所,製造
製造部門管理職,製造
製鉄所,製造
下工程,製造
薄板部門,その他
製鉄所技術職,開発・設計・技術
生産技術エンジニア,製造
生産管理部,製造
操業系,製造
薄板事業部,その他
鉄鋼アルミ事業部門,その他
工場スタッフ部門,製造
機械事業部門圧縮機事業部,その他
営業＆間接部門,営業職・販売
素形材,その他
機械エンジ,その他
鉄鋼事業部門,その他
技術職（総合職）,開発・設計・技術
研究所　一般職,研究開発
上工程,製造
冷延部,その他
制御設備の設計,開発・設計・技術
本社支社,その他
製造技術開発,開発・設計・技術
工程等,製造
エネルギー,その他
計装設備保全,その他
鋼管セクター,その他
保全職,その他
電気,その他
管理部門（事務系）,コーポレート・管理・総務
製鉄所　設備部門管理職,その他
製鋼課,その他
中堅,その他
システム管理部システム管理課,SE/PM系
技術営業部,開発・設計・技術
ネジ加工品事業部,その他
鋼板,その他
品証,開発・設計・技術
渋川,その他
秘密,その他
海外グループ・担当,その他
香港支店,その他
一般的社員,その他
経理部門（工場経理）,経理財務
技術系事務職員,開発・設計・技術
圧延,その他
リチウムイオン電池,その他
鉄鋼事業部,その他
成形機事業部,その他
鋳鍛,その他
装置設計,開発・設計・技術
製造部鋳造課,製造
地方営業所,営業職・販売
航空機,その他
電気設計,開発・設計・技術
技術開発職（電気・機械）,開発・設計・技術
蒲原工場,その他
開発・研究,研究開発
設計開発,開発・設計・技術
金属,その他
機能材料系 営業,営業職・販売
材料系,その他
電子材料事業部,その他
大阪支店　営業,営業職・販売
本社営業,営業職・販売
知的財産部,法務
運輸部,その他
加工事業,その他
金属カンパニー,その他
本社営業部門,営業職・販売
本社営業系,営業職・販売
銅事業部品質保証,その他
ﾏﾈｰｼﾞｬｰ,マネジメント
金属材料研究所,研究開発
総合職（技術系）,開発・設計・技術
機能性材料事業本部,その他
金属事業本部,その他
人事系,人事
操業管理,その他
製造部門技術職,製造
材料部門　課長級管理職,マネジメント
資源事業部,その他
材料,その他
金属系,その他
機能材事業部,その他
事務系管理業務,事務
環境部門,その他
総務課,コーポレート・管理・総務
製錬,その他
エレクトロニクス,その他
板事業部,その他
機械オペレーター,現業
機能樹脂事業部,その他
光関連,その他
本部系,その他
事業部企画,企画系
生産管理部門,製造
営業技術,営業職・販売
業務・管理系,コーポレート・管理・総務
会計課,経理財務
電線,その他
企画業務部,企画系
自動車事業本部,その他
通信関係,その他
エレクトロニクス部門　電子ワイヤー事業部,その他
電力,その他
電子電装,その他
生産設備,製造
コーポスタッフ部門,その他
情報通信関連,その他
総合事務,事務
事務系間接部門,事務
経理系,経理財務
経理統括部,経理財務
ダイカスト営業部,営業職・販売
鋳造,その他
製造業務,製造
支店　営業,営業職・販売
製造.SCM,製造
本社 営業,営業職・販売
本,その他
ペットボトル開発部,開発・設計・技術
飲料,その他
本社・地区事業部,その他
製造業　設計職,開発・設計・技術
エクステリア,その他
ビル建材,その他
三協マテリアル社,その他
商業施設,その他
オクト,その他
ビル事業部,その他
住設,その他
ハウジングテクノロジー,その他
ショールーム,その他
LHT,その他
製紙事業部,その他
企画管理本部,企画系
IT部門,その他
ユニプレス技術研究所,研究開発
精密部品,その他
産機,その他
制御システム,SE/PM系
産業機械,その他
設計課,開発・設計・技術
精密,その他
技術本部ﾌﾟﾚｽ技術部,開発・設計・技術
滋賀工場,その他
バックオフィス系,コーポレート・管理・総務
精線部,その他
サスペンション部門,その他
資材調達,生産管理・調達・物流
海外子会社,その他
メイン工場,その他
シート生産部門,製造
HDD関係,その他
産機事業本部　営業部,営業職・販売
シート生産本部設計部,開発・設計・技術
管理 役職なし,コーポレート・管理・総務
シート　設計,開発・設計・技術
シート生産本部,製造
サービスメンテナンス,その他
拠点,その他
テクノメンテナンス,その他
メンテナンス主任,その他
紹介,その他
紹介事業部,その他
紹介事業,その他
HRソリューション,その他
人材育成,その他
ＩＲ・ＳＲコンサルティング事業部,コンサルタント
IR・SRコンサルティング,コンサルタント
投資銀行部門,専門職
キーパーLABO,その他
運営事業,その他
アプリケーションプログラマー,エンジニア系
企画開発部,開発・設計・技術
カスタマーオペレーター,その他
ウェブサポート,その他
アカウントリレーション,その他
監視・CS,その他
アカウントリレーション部,その他
メール対応,その他
教育サービス,その他
投稿監視,その他
転職会議,その他
転職,その他
キャリア事業部,その他
Webマーケ,マーケティング職
ビジネス系,その他
非エンジニア,エンジニア系
新規事業開発部,開発・設計・技術
PRコンサルタント,コンサルタント
PRディレクター,その他
PRプロモーター,その他
シニアPRコンサルタント,コンサルタント
PR事業部,その他
アカウントエグゼクティブ,その他
プロモーター,その他
メヂィア,その他
営業部　PRコンサルタント（レップ）,営業職・販売
介護職,その他
介護スタッフ,その他
介護,その他
コーディネータ,その他
本社事務,事務
常駐,その他
人材派遣業,その他
常駐社員,その他
SSS 営業一部,営業職・販売
イベント事業部,その他
ラウンジ事業部,その他
WEB,その他
IBJメンバーズ,その他
地域医療連携部,その他
精神保健福祉士,その他
企画　シニアマネージャー,企画系
技術派遣　自動車開発,開発・設計・技術
外勤業務,その他
豊田支店エンジニア,エンジニア系
技術派遣　CAD技術サポート,開発・設計・技術
デジタル系,その他
業務コンサルタント,コンサルタント
デジタルシェルパ,その他
システムシェルパ,SE/PM系
非戦略系,コンサルタント
業務プロセス系,コンサルタント
経営コンサルティング職,コンサルタント
コンサル部門,コンサルタント
プリンシパル,コンサルタント
コンサルタント1,コンサルタント
プロジェクトマネジメントチーム,SE/PM系
テクノロジー,コンサルタント
シニアスタッフ,コンサルタント
ストラテジー,コンサルタント
戦略コンサルティング,コンサルタント
c1,その他
アシスタント・マネージャー,マネジメント
グローバルビジネス本部,その他
ウィルワーク,その他
セールスアシスト事業部,営業職・販売
不動産評価,その他
その他サービス,その他
不動産調査,その他
クロージング,その他
医師紹介,その他
社長室,マネジメント
自社開発,開発・設計・技術
求人広告,その他
リクルートジョブズ,その他
媒体営業,営業職・販売
中途,その他
経営管理部門,その他
エージェント事業,その他
開発試作,開発・設計・技術
電気電子制御設計・役職無し,開発・設計・技術
設計 社員,開発・設計・技術
旋盤設計,開発・設計・技術
電装関係,その他
設計担当,開発・設計・技術
技術部門　開発,開発・設計・技術
ダイカストマシン事業部,その他
射出成形機,その他
沼津本社,その他
ダイカストST,その他
国内営業部,営業職・販売
海外営業部,営業職・販売
加工技術,その他
一般工員,製造
メカ設計,開発・設計・技術
購買物流統括部,その他
営業など,営業職・販売
サービス関係,その他
担当員,その他
原価管理,その他
デジタルソリューション,その他
セールスアンドサービス,営業職・販売
伊賀事業所,製造
ブレード,その他
半導体精密加工装置製造,製造
サポート本部,その他
プロダクト研修部,その他
技術開発本部ダイヤ技術部技術グループ　主任,開発・設計・技術
第1技術,その他
検査員,その他
広告事業部,その他
郵便・物流営業部,営業職・販売
第一集配営業部,営業職・販売
窓口,営業職・販売
窓口営業社員,営業職・販売
集配営業,営業職・販売
金融サービス,その他
金融渉外部,その他
特殊,その他
一般職（地域基幹職）,その他
金融コンサルティング,コンサルタント
業務部門,その他
窓口営業,営業職・販売
窓口営業部,営業職・販売
窓口社員,営業職・販売
集配営業部,営業職・販売
金融窓口,営業職・販売
運輸,現業
渉外,その他
窓口一般,営業職・販売
集配,その他
内務,その他
郵便配達,現業
支社 金融営業部,営業職・販売
特定郵便局,その他
地域基幹職,その他
一般職 窓口,その他
窓口業務,その他
オペレーション部門等,その他
CRM,その他
CS事業部,その他
コンタクトセンター管理者,その他
マーケティングその他,マーケティング職
OP,その他
オペレーション部,その他
担当マネージャー,マネジメント
オペレーション ＧＭ,その他
金融関連コールセンター,その他
ＣＲＭ　ＳＶ,その他
CRM本部,その他
事務/管理職,事務
営業責任者,営業職・販売
本社管理職,その他
コールセンター運営,その他
MIS,その他
管理部門以外,コーポレート・管理・総務
ライフエンディング,その他
首都園営業部,営業職・販売
dsp,その他
ビジネスプロデュース部,その他
振袖プランナー,その他
振袖,その他
JTS事業部,その他
営業・プランナー,営業職・販売
ウェディング事業部,その他
フォトグラファー,その他
ウエディング事業部,その他
着物の取扱,その他
振袖販売,営業職・販売
オンライン旅行事業部,その他
テレオペ,その他
国内航空券販売,営業職・販売
旅行,その他
航空券営業,営業職・販売
旅行業,その他
事業責任者,その他
企業情報部,その他
ITサービス室,その他
外来業務課,その他
事務員,事務
施設,その他
医療事業,その他
一般病院入院係,その他
デイサービス,その他
病院経営,その他
医療事業本部,その他
事業企画部,企画系
グループホーム,その他
診療情報管理士,その他
保育士,専門職
委託派遣,その他
福岡支社,その他
医事課,その他
医療事業部,その他
介護士,専門職
IE,その他
ネットワークソリューション事業部,その他
スマートソリューション事業部,その他
WEBマーケティングコミュニケーション,マーケティング職
ネットワーク運用部門,その他
ITインフラエンジニア,エンジニア系
ITBI事業部SMT課,その他
ITインフラ事業部,その他
管理職クラス,コーポレート・管理・総務
コンプレッサー,その他
エンジン,開発・設計・技術
車両関連,その他
LF,その他
技術部　主任,開発・設計・技術
品質保証部 係長,マネジメント
一般職員,その他
ゲーム系,その他
プリントシール機開発,開発・設計・技術
世界観,その他
モバイルコンテンツ,その他
世界観事業本部,その他
設計開発部,開発・設計・技術
産業機器,その他
海外本部,その他
精機カンパニー 津工場 製造部 生産技術課,製造
購買課,生産管理・調達・物流
技術本部付,開発・設計・技術
一般部員,その他
営業管理部門マネージャー,営業職・販売
免制震,その他
生産技術系,製造
スタッフ職,その他
事務系部門,事務
生産管理課,製造
コマツカスタマーサポート株式会社,その他
建機マーケティング本部 国内営業,営業職・販売
工場部門,製造
ミニ建機開発,開発・設計・技術
管理部生産管理課,製造
工場生産技術部門,製造
事業部（本社）,その他
ソフトウェア技術者,エンジニア系
組み込みソフト開発,開発・設計・技術
主任相当職,その他
海外関連業務,その他
契約,法務
評価,その他
製缶,その他
日本事業部　サービス営業,営業職・販売
機会作業者,その他
本社建築設計,開発・設計・技術
建築技術,開発・設計・技術
水環境事業本部,その他
製造生産技術,製造
技術統括,開発・設計・技術
トラクター,その他
技術員,開発・設計・技術
安全,その他
生産関係,製造
設計者,開発・設計・技術
筑波工場,製造
課長待遇,マネジメント
海外営業マネージャー,営業職・販売
農機,その他
農業機械,その他
海外子会社役員,マネジメント
エンジニアリング本部,エンジニア系
プラント設計,開発・設計・技術
プロジェクト,その他
海外プロジェクト・管理職,マネジメント
設計部門,開発・設計・技術
エンジニアリング統括本部（設計）,開発・設計・技術
海外プロジェクト,その他
技師,開発・設計・技術
人事部門 管理職,人事
エンジンニア,開発・設計・技術
サーフェステックカンパニー,その他
プラント生産,製造
精密・電子,その他
風水力・精密,その他
機械加工,その他
工事部/係長,マネジメント
法務系,法務
化学系,その他
化学事業部,その他
空調営業本部,営業職・販売
サービス本部,その他
空調生産本部,製造
グッドマン,その他
化学技術職,開発・設計・技術
産業プラント営業,営業職・販売
制御部,その他
メンテ営業,営業職・販売
技術・生産,開発・設計・技術
装置系,その他
ケミカル事業本部　技術部門,開発・設計・技術
装置営業,営業職・販売
マテハン,その他
自動車部品製造部,製造
事務系職場,事務
事務・間接職,事務
自動車部品・製造,製造
自動車部品事業部,その他
チェーン事業部,その他
技術系エンジニア,開発・設計・技術
精密機器,その他
メディカル,その他
営業副主任,営業職・販売
普通社員,その他
透析,その他
航空宇宙,開発・設計・技術
メディカル事業部,その他
メディカル事業本部,その他
医療機器,その他
工業部門,その他
設計・プロジェクト部門,開発・設計・技術
受託業務,その他
主務,その他
受託業務部門,その他
管理部門 主任,コーポレート・管理・総務
積算・計画,その他
監督,現業
プロジェクト部,その他
メンテナンス技術,開発・設計・技術
プロジェクト1部,その他
土木,その他
プロジェクトグループ,その他
法務・知財チーム,法務
FADA,その他
イントラロジスティクス事業部,その他
IL事業部,その他
サービス部,その他
イントラロジスティクス,その他
IL,その他
eFA,その他
群馬,その他
千葉,その他
本社　開発,開発・設計・技術
移動式クレーン関係,その他
国内営業部門,営業職・販売
エレベーター据付・保守・改修,現業
エレベーター,その他
フィールド,現業
営業設計,開発・設計・技術
据付,現業
フィールド部門,その他
保守・新設打ち合わせ業務,その他
東工務部,その他
管理系部署,コーポレート・管理・総務
営業部（首都圏内）,営業職・販売
直販,その他
営業本部 支店,営業職・販売
営業本部 営業,営業職・販売
カスタマーエンジニア,エンジニア系
開発部署,開発・設計・技術
システムセンター,SE/PM系
縫製機器事業部,その他
コンプレッサー開発,開発・設計・技術
ＡＣ開発部,開発・設計・技術
技術関連,開発・設計・技術
開発関連,開発・設計・技術
自動車機器関係部門本部長,マネジメント
産業機器組立部門,その他
開発センター,開発・設計・技術
企画部門　担当,企画系
新事業開発,開発・設計・技術
カスタマエンジニア,エンジニア系
テクニカルスタッフ,開発・設計・技術
金融部門　営業,営業職・販売
直販営業部,営業職・販売
営業技術職,営業職・販売
直販営業,営業職・販売
直販営業 所長,営業職・販売
"営業,調達",営業職・販売
事技部門,その他
材料開発,開発・設計・技術
開発　生産技術部門,開発・設計・技術
精機事業,その他
ステアリング事業部,開発・設計・技術
工場経理,経理財務
製品開発部,開発・設計・技術
産業機械部門,その他
生産技術ぶ,製造
自動車部品　設計,開発・設計・技術
管理部　労政課,コーポレート・管理・総務
自動車ベアリング実験,開発・設計・技術
電子系設計,開発・設計・技術
自動車部品開発,開発・設計・技術
生産サポート,製造
ステアリング事業,その他
技術(生産設備),開発・設計・技術
エンジニア　品質保証,エンジニア系
工作機械・メカトロニクス,その他
ステアリング,その他
研究開発本部　主担当,研究開発
本部係員,その他
大阪支社 営業,営業職・販売
カーハイドロリクス事業部,その他
油圧事業部,その他
ロボット,その他
軸受事業部,その他
ヒラ社員,その他
軸受,その他
国内軸受,その他
カーハイドロリクス,その他
ロボット事業部,その他
生産管理業務,製造
生産管理系,製造
工具,その他
電子デバイス,開発・設計・技術
業務?企画,企画系
事務管理部門,事務
○○支社営業課,営業職・販売
研磨,その他
装置部,その他
経営戦略本部,その他
製造一課,製造
材料開発部門　部長,開発・設計・技術
産業・流通,その他
社会ビジネスユニット,その他
鉄道,その他
間接業務,コーポレート・管理・総務
鉄道ビジネスユニット,その他
社会BU,その他
金融システム営業,営業職・販売
システムアンドサービス,SE/PM系
産業システム営業部,営業職・販売
研究開発グループ,研究開発
サポート部門,その他
フロント部隊,その他
人事・労務,人事
ディスプレイ,その他
産業プラント,その他
原子力事業部,その他
組込みソフト開発,開発・設計・技術
セミコンダクター,その他
映像部門,その他
新規事業推進室,企画系
コーポ,その他
火力,その他
電子電気,その他
スタフ部門,その他
電力流通,その他
PC＆ネットワーク社　海外企画,企画系
組み込みソフトウェアエンジニア,エンジニア系
事業管理部門,その他
映像・製造,製造
非メモリー半導体部門,その他
プラント機器設計,開発・設計・技術
IT 参事,その他
ヘルスケア事業　管理職,その他
自動車機器,その他
情報通信システム,SE/PM系
産業メカトロニクス事業部,その他
中部支社,その他
先端技術総合研究所,研究開発
産業メカトロニクス,その他
リビングデジタルメディア事業部,その他
製作所,その他
FAシステム,SE/PM系
電力事業,その他
社会事業本部,その他
業務支援,その他
パワエレ,その他
本社事業部門,その他
重電,その他
水力事業部,その他
IT部門SE,SE/PM系
モーションコントロール事業部,その他
研究開発所,研究開発
設計・開発職,開発・設計・技術
新規事業マネージャー,マネジメント
購買スタッフ,生産管理・調達・物流
総務人事部,コーポレート・管理・総務
情報系部門,その他
電力変換,その他
機械設計・生産技術,開発・設計・技術
研究　主任,研究開発
スタッフ バックオフィス,コーポレート・管理・総務
営業　担当,営業職・販売
総務勤労系部門,コーポレート・管理・総務
電気/開発/一般,開発・設計・技術
エレクトロニクス事業部,その他
サーボシステム,SE/PM系
設計・品質保証,開発・設計・技術
コンサルティング・IT事業本部,コンサルタント
コンサルタント職,コンサルタント
コンサルティング 事業部,コンサルタント
戦略コンサルタント,コンサルタント
スペシャリスト,その他
ストラテジー・ビジネスプロセス,その他
アドプラットフォーム,その他
アドネットワーク,その他
コーポレート事業部,コーポレート・管理・総務
施工監理,その他
経営管理本部,その他
フィールドサービスエンジニア,エンジニア系
点検員,その他
FS部,その他
メンテナンス部,その他
フィールドサービス部,その他
フィールドサービス,その他
技術サービス,開発・設計・技術
レビュー,その他
攻略コンテンツ部,その他
攻略部,その他
SNSマーケティング部,マーケティング職
無回答,その他
Webマーケティング本部,マーケティング職
SEMコンサルタント,SE/PM系
ＳＥＭコンサルタント,コンサルタント
広告運用者,マーケティング職
東京営業,営業職・販売
リサーチ部,その他
人材サービス,人事
生活支援員,その他
就労移行支援,その他
支援員,その他
就労支援員,その他
就労支援,その他
支援,その他
療育部,その他
ビジネスコンサルティング本部,コンサルタント
ITコンサルティング部門,コンサルタント
製造その他,製造
工場作業,その他
アカウントエグゼクティブ　ディレクター,マネジメント
管理系業務,コーポレート・管理・総務
課長補佐,マネジメント
研究室,研究開発
出先機関,その他
電気系開発職,開発・設計・技術
生産技術/一般職,製造
DataConsulting推進室,マーケティング職
システム技術,SE/PM系
リテール・ソリューション事業本部,その他
量販システム,SE/PM系
プリンティング,その他
システムソリューション事業本部　　参事,SE/PM系
セールスエンジニア,営業職・販売
営業SE,営業職・販売
ソフトウェア設計,開発・設計・技術
製造本部,製造
車載,その他
小型,その他
車載用開発,開発・設計・技術
車載事業部,その他
事務/企画,企画系
汎用モーター事業本部,その他
営業　部長,営業職・販売
長野事業所生産技術部,製造
製品開発・研究,研究開発
配電機器事業部,その他
電気回路設計,開発・設計・技術
ソフトウェア開発者,開発・設計・技術
技術職（電子）,開発・設計・技術
変圧器,その他
FAロボット,その他
配電,その他
ロボットメンテナンス,その他
回路設計,開発・設計・技術
事業部営業,営業職・販売
マネジメント全般,その他
本社　技術,開発・設計・技術
技術統括部 参事,開発・設計・技術
AV技術,その他
経営企画部　課長,企画系
AV事業部 設計,開発・設計・技術
業務用機器設計部門,開発・設計・技術
Ｈ＆Ｍ事業グループ　シニアマネージャー,マネジメント
3Dプロジェクト,その他
子会社,その他
モビリティ,その他
金型製造,製造
製品検査,その他
NHVコーポレーション,その他
電力システム事業本部,SE/PM系
電力機器事業部,その他
電力事業本部,その他
フィールドサービス事業部,その他
ストラテジーユニット,コンサルタント
シニアアソシエイト,コンサルタント
IPS,コンサルタント
BT,コンサルタント
人事組織戦略コンサルティング部門,コンサルタント
BCM,コンサルタント
テクノロジーコンサルタント,コンサルタント
TC,コンサルタント
TMT,コンサルタント
technology,コンサルタント
HR,人事
トラディショナル,コンサルタント
コンピテンシー,その他
ヒューマンキャピタル,その他
Strategy / Public,コンサルタント
ビジネスアナリスト,コンサルタント
M＆A,専門職
ビジネスコンサルタント,コンサルタント
サービスライン,その他
テクノロジー系ユニット,その他
経営コンサルティング,コンサルタント
Pool,その他
consulting,コンサルタント
SC,その他
コンシューマビジネス,その他
accounting,その他
CSS,その他
製薬,その他
consultant,コンサルタント
リスクコンサルタント,コンサルタント
マネジメントコンサルティング,コンサルタント
TT,その他
セクター,その他
Strategy & Operations,コンサルタント
Management consulting,コンサルタント
RC,その他
プロフェッショナル,その他
MC,その他
セキュリティ系,その他
マネジメントコンサルティングユニット,コンサルタント
"Business Consulting, Manager",コンサルタント
シニア・コンサルタント,コンサルタント
Senior,コンサルタント
RISK,コンサルタント
performance improvement,コンサルタント
ビジネスコンサルティング,コンサルタント
アドバイザリー事業部,コンサルタント
PI,コンサルタント
Risk アドバイザリー,コンサルタント
システム監査,SE/PM系
TaS,その他
金融（IT),その他
P&T ITMS,コンサルタント
ITMS,コンサルタント
IES,コンサルタント
P&T,コンサルタント
Strategy,コンサルタント
P&T IES Digital,コンサルタント
IESセクター,コンサルタント
金融・社会インフラ,コンサルタント
CS職,その他
P&Tビジネスユニット,コンサルタント
パブリック,コンサルタント
P&T Digital,コンサルタント
SCMセクター,コンサルタント
Enterprise,SE/PM系
ITM,コンサルタント
FMC,コンサルタント
PTD,コンサルタント
プロジェクトマネジャー,SE/PM系
BST,その他
バックスタッフ,コーポレート・管理・総務
IAB,その他
本社機能,コーポレート・管理・総務
制御機器事業,その他
新規事業企画,企画系
技術・知財本部,開発・設計・技術
設計開発職,開発・設計・技術
ファクトリオートメーション,その他
制御機器,その他
環境事業部　技術サポート,その他
市販営業部,営業職・販売
技術職/電子,開発・設計・技術
製品戦略,その他
電子事業部,その他
部品供給,その他
生産SCM本部,製造
生産SCM,製造
機械職,その他
公共営業部,営業職・販売
本社営業課,営業職・販売
産業電池電源事業部,その他
開発/担当,開発・設計・技術
電池開発,開発・設計・技術
リチウムイオン電池事業部,その他
製品主管事業部,その他
社会,その他
製造業向けERP,製造
金融ソリューション,その他
民需の営業,営業職・販売
官公庁系,その他
防衛,その他
キャリア部門,その他
デバイス関係,その他
システムプラットフォームBU,SE/PM系
東日本統括支社,その他
プラットフォーム,その他
製品販促,マーケティング職
国内支社支店,その他
社会公共,その他
官公庁営業,営業職・販売
SW開発,開発・設計・技術
IT事業部,その他
民間企業向け営業部,営業職・販売
ジャパン・グローバルゲートウェイ,その他
ハード,その他
戦略企画,企画系
産業システム部,SE/PM系
ストレージ,その他
パソコン,その他
基幹事業部,その他
金融機器,その他
C&P事業本部,その他
ソリューションシステム事業本部,SE/PM系
開発部門　課長,開発・設計・技術
SE・マネージャ,SE/PM系
経理部門,経理財務
ソフトエンジニア,エンジニア系
プロセス技術部,開発・設計・技術
モノづくり技術,その他
パワーシステム本部,SE/PM系
支店営業所,営業職・販売
オートモーティブ,その他
SOC設計,開発・設計・技術
IIBU,その他
アナログデバイス開発,開発・設計・技術
技術マーケティング,開発・設計・技術
車載ソリューション事業本部,その他
インダストリアル,その他
開発・マーケティング,開発・設計・技術
ABU,その他
IP開発,開発・設計・技術
半導体設計,開発・設計・技術
LSI開発業務,開発・設計・技術
"SoC, 主任技師",開発・設計・技術
半導体事業部　量産技術エンジニア,エンジニア系
マイコンツール開発部門 SE,開発・設計・技術
半導体事業部　主任,開発・設計・技術
ソフト開発部,開発・設計・技術
海外営業部門,営業職・販売
主任技師,開発・設計・技術
半導体ロジック設計,開発・設計・技術
デバイス開発部門　課長級,開発・設計・技術
管理部門主任,コーポレート・管理・総務
MCU開発本部　システム設計部,開発・設計・技術
マーケティング部門　管理職,マーケティング職
技術開発本部　担当課長,開発・設計・技術
ソリューション事業本部　マネージャー,マネジメント
半導体事業部 SE,SE/PM系
量産技術,開発・設計・技術
SoC開発事業部ソリューション統括部門,開発・設計・技術
マーケティング部門　課長,マーケティング職
応用開発職,開発・設計・技術
ビジュアルプロダクツ事業部,その他
プリンティングソリューション,その他
デバイス,その他
VP,コンサルタント
企画設計,開発・設計・技術
経営企画・戦略,企画系
素材・化学技術者,その他
プリンター,その他
電気系技術職,開発・設計・技術
企画　主事,企画系
筐体設計,開発・設計・技術
品質部門　担当,その他
本部部門,コーポレート・管理・総務
経営企画　新規事業開発　主任,開発・設計・技術
ペンタブレット,その他
ビジネス・デベロップメント,その他
プロジェクトマネージャ,SE/PM系
装置,その他
FPD,その他
FPDPV,その他
購買職,生産管理・調達・物流
事務・間接,事務
FPDPV事業部,その他
電子機器事業部,その他
営業事務系,営業職・販売
経理財務・経営管理,経理財務
電気エンジニア,エンジニア系
製品技術,その他
システム設計グループ,開発・設計・技術
ディスプレイ回路技術,その他
IR,その他
生産技術　課長級,製造
係長相当,マネジメント
管理・間接部門,コーポレート・管理・総務
信号事業部,その他
信号技術部,その他
製造・品質管理,製造
信号事業部 技術部,その他
パワーエレクトロニクス(旧半導体機器)事業部,その他
設計　施工管理　営業　点検,開発・設計・技術
工場内部門,その他
施工管理部,その他
開発部・企画開発/デザインを担当,開発・設計・技術
家電量販店営業部門,営業職・販売
量販店営業職,営業職・販売
営業・営業課長,営業職・販売
本社研究部門,研究開発
家電部門,その他
モバイルソリューションズ事業部,その他
プロセスオートメーション,その他
CNS社,その他
CNS,その他
産業デバイス事業部,その他
海外販社,マーケティング職
営業　マーケティング,営業職・販売
新規事業関連,その他
AIS社半導体,その他
CNS社　研究部門,研究開発
ハウジングシステム,SE/PM系
本社直轄　研究開発部門,研究開発
オートモーティブエナジー事業部(旧：三洋電機),その他
機構系製品設計,開発・設計・技術
インダストリアルソリューション社,その他
本社R&D,研究開発
ハウジングシステム事業部,SE/PM系
B2B,その他
デバイスソリューション事業部,その他
資材・購買,生産管理・調達・物流
液晶,その他
液晶事業,その他
デバイス開発,開発・設計・技術
コンピューター,その他
テレビ,その他
電子部品事業本部,その他
空調PCI事業部,その他
通信システム事業本部,SE/PM系
機構設計,開発・設計・技術
液晶デバイス,その他
プレス,その他
ビジネスソリューション,その他
ビジネスソリューション事業本部,その他
電子デバイス事業本部,その他
ITプログラマ,エンジニア系
新事業企画,企画系
ScienBiziP Japan （株）,その他
電子デバイス開発職,開発・設計・技術
計測器,その他
情通,その他
機構筐体第一技術,開発・設計・技術
営業 販売,営業職・販売
空調機開発事業部,開発・設計・技術
GDM推進統括部,その他
機械系エンジニア,エンジニア系
企画・マーケティング,マーケティング職
セールス&マーケティング,営業職・販売
デジタルイメージング,その他
業務機器,その他
専門種,専門職
ソニーセミコンダクタソリューションズ,その他
機械学習エンジニア,エンジニア系
R&D エンジニア,エンジニア系
海外マーケティング,マーケティング職
SIPS,その他
薄膜ウエハーファウンドリ,その他
総合職 技術職,開発・設計・技術
プロセス開発,開発・設計・技術
コンデンサBG,その他
エナジー,その他
管理部門　一般職,コーポレート・管理・総務
技術知財本部　係長,開発・設計・技術
日本営業,営業職・販売
電気・機械系技術職,開発・設計・技術
担当者,その他
ブロードコム事業部海外営業,営業職・販売
品質部,開発・設計・技術
海外営業支援,営業職・販売
振動子設計,開発・設計・技術
生産系事務職,製造
技術職役職なし,開発・設計・技術
光学,その他
水晶発信器,その他
狭山事業所,製造
営業／サービス,営業職・販売
開発技術職,開発・設計・技術
スピーカー設計,開発・設計・技術
営業／主任,営業職・販売
生産革新本部,製造
関西支店,その他
コネクタ事業部,その他
航機事業部　技術部,開発・設計・技術
コネクタ,その他
工程設計,開発・設計・技術
コアプロダクト開発部,開発・設計・技術
ソリューション営業本部,営業職・販売
電池事業部,その他
資材課,生産管理・調達・物流
管理部署　一般社員,コーポレート・管理・総務
設計員,開発・設計・技術
設計部門　電気回路設計,開発・設計・技術
AV開発,開発・設計・技術
一般　電気設計,開発・設計・技術
開発技術部,開発・設計・技術
オフィスソリューション事業部,その他
AV事業,その他
DP,その他
マーケティング・事業管理,マーケティング職
IAMK,その他
人事総務部門,コーポレート・管理・総務
総務人事部門,コーポレート・管理・総務
IAPF,その他
PJT,その他
事業部・マーケティング・マネージャ,マーケティング職
マーケティング・企画・販売推進,営業職・販売
ソフト部門,その他
直接部門,その他
業務システム部／主任,SE/PM系
計装営業本部,営業職・販売
AAC,その他
メンテナンスサービス,その他
営業系専門職,営業職・販売
営業（販売会社）,営業職・販売
営業員,営業職・販売
自動車計測,開発・設計・技術
グローバル本部　海外営業部,営業職・販売
ハードエンジニア,エンジニア系
ポストセールス,営業職・販売
品質監理,開発・設計・技術
機構設計　一般,開発・設計・技術
センサー部門,開発・設計・技術
センサ,開発・設計・技術
画像システム事業部,SE/PM系
マーキング事業部,その他
技術管理,開発・設計・技術
企画（営業,営業職・販売
研究開発系,研究開発
子会社管理・販売促進サポート,営業職・販売
デスクワーク,コーポレート・管理・総務
商品開発本部,開発・設計・技術
プローブカード事業部,その他
カスタマサービス,その他
商品開発　マネージャー,開発・設計・技術
ASIC事業部,その他
ASSP事業部,その他
映画本部,その他
テレビ事業部品川制作部,その他
パワトレイングループ,その他
総合職　事務,事務
組み込みソフトウェア開発,開発・設計・技術
情報部門システムエンジニア,エンジニア系
エレフィトリケーションシステム,SE/PM系
電動化製品,その他
パワトレ,開発・設計・技術
ガソリン噴射技術部,開発・設計・技術
モビリティシステム事業グループ,SE/PM系
モビシス事業部,その他
シャシーコントロール機器技術部,開発・設計・技術
総合職・技術系,開発・設計・技術
営業G,営業職・販売
サーマル,その他
量産開発,開発・設計・技術
新規ビジネス企画,企画系
先行開発,開発・設計・技術
電気技術,開発・設計・技術
コーポレート基盤,コーポレート・管理・総務
新製品,その他
海外支社営業,営業職・販売
海外拠点,マーケティング職
研究開発センター,研究開発
サテライト,その他
金型設計,開発・設計・技術
みなとみらいテクニカルセンター,エンジニア系
情シス,エンジニア系
四輪事業部,その他
技術セクション,開発・設計・技術
技術部/設計,開発・設計・技術
光半導体事業部,その他
光源,その他
光源事業部営業部門,営業職・販売
産業機器事業本部,その他
通信機器,その他
分析装置営業,営業職・販売
回路開発,開発・設計・技術
事業開発センター,開発・設計・技術
FA事業本部,その他
ハードウェア研究開発,研究開発
基板設計,開発・設計・技術
電子機器,その他
半導体事業,その他
技術主査,開発・設計・技術
LSI商品開発,開発・設計・技術
LSI開発,開発・設計・技術
受動部品,その他
半導体/技術員,製造
ディスクリート,その他
電子管事業部,その他
ハード設計,開発・設計・技術
部門長,マネジメント
電子管,その他
浜松工場,製造
固体,その他
開発・製造,開発・設計・技術
間接部署,コーポレート・管理・総務
製造，生産管理，設計,開発・設計・技術
管理企画,コーポレート・管理・総務
総務管理部,コーポレート・管理・総務
モーターコア技術統括部,開発・設計・技術
リードフレーム,その他
技術/開発/役職なし,開発・設計・技術
PLP事業部,その他
製品事業部,その他
プロセス技術,開発・設計・技術
第一PLP事業部,その他
管理・企画,コーポレート・管理・総務
ソフトウェア開発部,開発・設計・技術
コンポーネント事業部,開発・設計・技術
半導体部品セラミック材料,開発・設計・技術
部品営業部門,営業職・販売
保全業務,その他
通信機器事業部,その他
コアコンポーネント,その他
ビジネス開発,開発・設計・技術
事業部系,その他
コンデンサ,その他
経営系,その他
マテリアル開発センター,開発・設計・技術
半導体製造部,製造
日本営業統括部,営業職・販売
企画　マーケティング,マーケティング職
新規事業推進部,企画系
商品技術,開発・設計・技術
材料開発センター無機材料開発部,開発・設計・技術
精機事業部　営業,営業職・販売
電子部品部門,その他
オプティカル,その他
生産技術部　主任研究員,研究開発
基盤材料事業本部　生産管理部　生産管理課　担当係長,製造
管理・係長,コーポレート・管理・総務
経営統括,その他
調達統括部,生産管理・調達・物流
ガバナンス部門　課長,マネジメント
情報機能材料事業部門　R&D統括部,研究開発
情報機能材料事業部　生産技術部門,製造
新事業企画部,企画系
R＆D,研究開発
エレクトロニクスシステム技術部,SE/PM系
SEC第2生産部,製造
事業部　設計,開発・設計・技術
設計・担当,開発・設計・技術
生産設備系,製造
設計開発部門,開発・設計・技術
技術部　設計,開発・設計・技術
スイッチ事業部,その他
セイフティ,その他
生産技術担当,製造
コンデンサ事業部,その他
回路設計・構造設計,開発・設計・技術
コンデンサ部門,その他
技術研究職,研究開発
HWエンジニア,エンジニア系
研究開発・技術,研究開発
日本営業部,営業職・販売
第一生産技術開発部,開発・設計・技術
事技系,開発・設計・技術
玉野事業所　生産計画部,製造
マシナリー,その他
技術事務系,開発・設計・技術
現場技師,現業
一般管理部門,コーポレート・管理・総務
生産設計,開発・設計・技術
玉野事業所,製造
機械システム事業部　設計,開発・設計・技術
プラント事業本部,その他
環境プラント,その他
営業・施工管理,営業職・販売
建設プロジェクト部,その他
ごみ処理,その他
プラント設計部,開発・設計・技術
舶用サービス,その他
機械事業本部,その他
舶用機器脱硝ビジネスユニットサービス部,その他
エアロストラクチャー事業部,その他
エナジードメイン,その他
原動機事業本部,その他
航空機部門,その他
見積予算管理,その他
総合職(技術系),開発・設計・技術
事務技術職,事務
航空宇宙　品質保証,開発・設計・技術
機械事業部,その他
設計エンジニア,開発・設計・技術
制御装置設計,開発・設計・技術
火力発電,その他
民間機,その他
GTCC事業部,その他
原動機,その他
社内システム,SE/PM系
防衛宇宙,その他
造船,その他
発電,その他
原子力,その他
輸送機器製造部門,製造
航空宇宙SC,その他
電装設計部門,開発・設計・技術
明石工場,製造
エネルギー・環境プラントカンパニー,その他
事技職,開発・設計・技術
名古屋工作部,その他
輸送機,その他
飛行機製造,製造
工場業務,製造
車両カンパニー,その他
総合職/技術系,開発・設計・技術
部品製造,製造
エネルギー・プラント環境カンパニー,その他
上級専門職,専門職
制御関連,その他
生産技術部門 係長,製造
ボイラSBU,その他
産業システム・汎用機械,SE/PM系
電気電子,その他
航空・宇宙,その他
資源・エネルギー・環境事業領域,その他
航空宇宙防衛,その他
資源 環境 エネルギー領域,その他
事業管理部門（経理）,経理財務
エネルギープラント,その他
安全衛生,開発・設計・技術
エネルギー関係,その他
プラント営業部　課長,営業職・販売
個別指導,その他
企画・開発,開発・設計・技術
個別指導部門,その他
個別指導事業部,その他
塾運営,その他
社員スタッフ,その他
個別指導事業,その他
個別指導部,その他
個別,その他
校舎スタッフ,その他
教室スタッフ,その他
塾,その他
非常勤,その他
学習塾・教室事業,その他
塾運営部門,その他
校舎運営,その他
塾スタッフ,その他
個人指導塾,その他
PM事業部,SE/PM系
PMO事業部,SE/PM系
PMO,SE/PM系
人事本部,人事
アドバイザリーその他,専門職
ファイナンシャルアドバイザリー,専門職
フロントオフィス,その他
director,マネジメント
M&Aアドバイザリー,専門職
2部,その他
営業（新規顧客開拓）,営業職・販売
マーケティングコンサルティング,マーケティング職
IT人材,その他
ゲーム部,その他
クリエイティブ部署,その他
電話,その他
営業　マネージャー,営業職・販売
エンジニア派遣,エンジニア系
鉄道車両,その他
エンジニアリング本部　営業,営業職・販売
鉄道車両本部,その他
鉄道車両本部　製造部,製造
輸機・インフラ本部 資材部,その他
鉄道車両 設計,開発・設計・技術
品質保証／海外事業,開発・設計・技術
総合職技術職,開発・設計・技術
電装,その他
部門次席,その他
部支店,その他
融資,営業職・販売
融資・渉外,営業職・販売
貸付,営業職・販売
営業店,営業職・販売
審査　債権管理,その他
パートナー部,その他
本社事務部門,事務
事務企画課,企画系
保険金部,その他
業務職,その他
内部統制部門,その他
東京サービスセンター,その他
専門事務,事務
本社業務部門,コーポレート・管理・総務
主査主任,その他
渉外部,営業職・販売
エリア基幹職,その他
窓口サービス部,その他
エリア本部,その他
市場部門,その他
法人サービス部,営業職・販売
市場運用・リスク管理,その他
銀行窓口業務,営業職・販売
SC職,その他
クオンツ,専門職
個人リテール,営業職・販売
事業統括部,その他
融資部門,営業職・販売
債権管理,その他
財務部,経理財務
中営業,営業職・販売
マーケティング＆セールス,営業職・販売
コネクティッド関連サービス,開発・設計・技術
生産技術本部,製造
車両審査実験部,開発・設計・技術
プロジェクト予実管理,その他
開発部門　商品企画・設計,開発・設計・技術
営業部門・主任,営業職・販売
PT技術部,その他
総務人事本部,コーポレート・管理・総務
CF本部,その他
総合職事務系,事務
電源システム開発,開発・設計・技術
自動運転先進安全,開発・設計・技術
先進安全技術部,開発・設計・技術
国内販売事業,営業職・販売
新車開発部門,開発・設計・技術
海外営業・事業,営業職・販売
電動パワトレ,開発・設計・技術
組み立て,製造
新車進行管理部,その他
開発／設計/係長,開発・設計・技術
事務/技術,事務
生管物流,生産管理・調達・物流
技能工,製造
一般技能工,製造
製造管理部門,製造
設計/主任,開発・設計・技術
駆動系,開発・設計・技術
製品設計（パワートレイン）,開発・設計・技術
メーカー,その他
ITシステムマネジメント,SE/PM系
実験,開発・設計・技術
事業計画　総括,その他
組み込みソフト設計開発,開発・設計・技術
ソフトウェア開発職（担当者クラス）,開発・設計・技術
総務・経理,経理財務
板金,その他
実験開発,開発・設計・技術
生産統括部,製造
航空機製造,製造
パーキングシステム事業部,SE/PM系
航空機事業部,その他
環境システム本部,SE/PM系
特装車事業,その他
ホイール,その他
生産技術部門担当職,製造
新事業,その他
鉄鋼部門,その他
機構開発,開発・設計・技術
補習品,その他
技術系・一般職,開発・設計・技術
開発・一般職,開発・設計・技術
実験・評価,開発・設計・技術
調達部門,生産管理・調達・物流
開発 評価 一般,開発・設計・技術
文系職,その他
営業・一般課員,営業職・販売
機会設計,開発・設計・技術
第2事業部門,その他
営業本部・支店,営業職・販売
財経,経理財務
事務間接,事務
間接部門管理職,コーポレート・管理・総務
品質管理課,開発・設計・技術
購買調達,生産管理・調達・物流
オートモーティブ事業部,その他
AC事業,その他
AC事業部,その他
油圧機器,その他
4輪,その他
HC事業部,その他
SA生産技術,製造
サスペンション,製造
AC第一事業部,その他
コントロールバルブ,製造
ランプ,その他
技術ユニット,開発・設計・技術
調達グループ,生産管理・調達・物流
コストプランニング,生産管理・調達・物流
自動車部品製造,製造
車体技術部,開発・設計・技術
部品営業,営業職・販売
本社・管理,コーポレート・管理・総務
サーバ開発,開発・設計・技術
加工区,製造
車体系,製造
設計 開発,開発・設計・技術
ユニット生技部,製造
技術系職,開発・設計・技術
設計部署,開発・設計・技術
第１制御技術部,開発・設計・技術
総務部・担当職,コーポレート・管理・総務
パワートレイン開発本部,開発・設計・技術
グローバルマーケティング本部　国内営業本部,営業職・販売
パワートレイン,その他
車両製造部,製造
解析,その他
技術本部(生産技術),開発・設計・技術
シャシー開発部,開発・設計・技術
品質関連,開発・設計・技術
ドライブトレイン開発部ユニット開発Gr.,開発・設計・技術
実験エンジニア,エンジニア系
販売企画系,営業職・販売
技術部門係長,開発・設計・技術
電装部門,その他
4MOC,その他
四輪事業,その他
四輪,その他
IT本部,その他
品質企画部,企画系
トランスミッション工場,製造
電装設計,開発・設計・技術
機械関連,その他
四輪設計部門,開発・設計・技術
技術/一般,開発・設計・技術
四輪技術,開発・設計・技術
代理店出向 サービス(整備),その他
二輪事業部,その他
四輪設計,開発・設計・技術
設計開発部　電子系,開発・設計・技術
四輪技術本部,開発・設計・技術
設計・一般,開発・設計・技術
航空宇宙カンパニー,その他
パワーユニット開発,開発・設計・技術
シャシー,開発・設計・技術
調達本部,生産管理・調達・物流
間接部門・事務系,事務
製造品質管理,製造
電子技術,その他
開発部門 係長,開発・設計・技術
先進安全設計部,開発・設計・技術
販売店出向,営業職・販売
先進安全,開発・設計・技術
エンジン設計部,開発・設計・技術
財務　調達,経理財務
戦略・企画,企画系
ロボティクス事業部,その他
人事総務本部,コーポレート・管理・総務
事務営業系,営業職・販売
CAE&実験,開発・設計・技術
認証技術,開発・設計・技術
産業機械用駆動系部品の開発・設計,開発・設計・技術
生産ライン,製造
事務系職,事務
プレス加工,開発・設計・技術
企画一般事務職,企画系
製造部門　主担当,製造
製造部員,製造
AT製造本部,製造
開発部門・設計職,開発・設計・技術
電気電子技術,開発・設計・技術
技能員,開発・設計・技術
生産技術・製造技術,製造
機能部品事業部,その他
樹脂事業部,その他
制御開発,開発・設計・技術
クラッチ製造,製造
工場品質課,その他
海外出向,その他
釣具開発,開発・設計・技術
調達購買,生産管理・調達・物流
管理部門　事務,コーポレート・管理・総務
営業第一部,営業職・販売
開発技術本部,開発・設計・技術
試験部,開発・設計・技術
IT管理,その他
法人担当,営業職・販売
債権,その他
事務行員,事務
法人渉外,営業職・販売
法人部門,営業職・販売
渉外係,営業職・販売
事業性貸出,その他
チャイルドケアサービス,その他
保育職,専門職
保育スタッフ,専門職
保育,専門職
栄養士,専門職
保育園,その他
保育業務,その他
事業部直下部署,その他
輸出,その他
技術部設計エンジニア,開発・設計・技術
総務関連,コーポレート・管理・総務
はるやま商事,その他
営業ぶ,営業職・販売
販売推進部,営業職・販売
キャリアショップ,営業職・販売
情報部門,その他
家電販売,営業職・販売
携帯,営業職・販売
販買,営業職・販売
白物,その他
携帯電話専門店スタッフ,営業職・販売
携帯電話販売,営業職・販売
ドコモショップ,営業職・販売
カスタマーセンター,その他
販売スタッフ・部門リーダー,営業職・販売
部門リーダー,マネジメント
関西エリア,その他
半導体デバイス,その他
商品企画部,企画系
店舗統括部,その他
店舗運営部阪神ブロック店長,マネジメント
店舗店長,マネジメント
情報システム本部,SE/PM系
市販用冷凍営業,営業職・販売
ブランド戦略本部,マーケティング職
事務・管理,事務
量販向け営業,営業職・販売
酒類部門,その他
本部・管理部門,コーポレート・管理・総務
部門マネージャー,マネジメント
パートナー社員,その他
ドライバー,現業
企画事務,企画系
国内営業統括部,営業職・販売
各店舗,現業
パソコンクリニック,その他
光学設計,開発・設計・技術
アイケア,その他
ライフケア,その他
映像事務機,事務
ゲーム開発,開発・設計・技術
企画・開発職,開発・設計・技術
c&i,その他
情報コミュニケーション事業部,その他
国内営業本部,営業職・販売
SUIT SELECT事業部,SE/PM系
コナカ事業本部,その他
接客営業,営業職・販売
スーツセレクト,その他
本部社員,コーポレート・管理・総務
採用部,人事
工場関連業務,その他
ホーム　主任,その他
フード,その他
課長級,マネジメント
トレンドセレクト,その他
5MD,その他
メイト,その他
係長級,マネジメント
玩具バラエティ事業部,その他
管理部問,コーポレート・管理・総務
第3事業部チーフ,マネジメント
インバウンド推進室,その他
3MD,その他
トレンド,その他
販促など,マーケティング職
生鮮惣菜,現業
総合MD,その他
選任社員,その他
玩具営業部,営業職・販売
映像音楽,その他
ハピネット・ベンディングサービス　東関東ローケーション部,その他
トイ,その他
倉庫管理,生産管理・調達・物流
東京営業所,営業職・販売
AAA,その他
定時社員,その他
商品部　生産管理,製造
SP事業部 プランナー・デザイナー,デザイナー
分析・計測営業課,営業職・販売
医用機器,その他
実務職,その他
医用機器事業部　営業課,営業職・販売
開発　係長,開発・設計・技術
技術研究部門,研究開発
分析計測事業部,その他
グループ企業出向中,その他
研究所　部長,研究開発
非営業・非技術系,営業職・販売
事業部門　技術　管理職,開発・設計・技術
計測社 SFG,開発・設計・技術
計測,開発・設計・技術
製造技術課,製造
機械系開発,開発・設計・技術
半導体事業部門,その他
業務システムSE,SE/PM系
開発・評価,開発・設計・技術
副主事,その他
半導体事業部 技術,開発・設計・技術
エンジニア　管理部門,エンジニア系
戦略購買,生産管理・調達・物流
情報・通信,その他
PENTAX,その他
ビジョンケア,その他
アイケアカンパニー,その他
LSI,その他
工場　製造管理部,製造
MD部門,その他
アイケア事業部　販売,営業職・販売
Pentax Medical,その他
半導体関連部門,開発・設計・技術
半導体前工程関係 技術スタッフ,開発・設計・技術
映像事務機事業本部,事務
ハード開発,開発・設計・技術
事務機,事務
デジタルカメラ開発部門,開発・設計・技術
本社開発部門,開発・設計・技術
事業部・事業企画,企画系
複写機,その他
周辺機器,その他
光学機器事業本部,その他
イメージコミュニケーション事業本部,その他
デジタルプリンティング,その他
技術系開発職,開発・設計・技術
品質評価,開発・設計・技術
本社管理系,コーポレート・管理・総務
事業部門　生産管理,製造
建材事業部,その他
物流情報システム部,SE/PM系
内装システム事業部,SE/PM系
制作宣伝,その他
生産管理本部,製造
映像,その他
ボーイズ事業部,その他
ライセンスなど,その他
ディスクロージャー営業部,営業職・販売
IR　営業,営業職・販売
システムコンサルティング事業部,SE/PM系
DTPオペレーター,専門職
商業印刷系,その他
L&I,その他
営業スタッフ職,営業職・販売
DTP,その他
ディスクロージャー＆ＩＲ営業部,営業職・販売
ディスクロージャー&IR営業,営業職・販売
企画運営,企画系
すき家営業部,営業職・販売
本部勤務,コーポレート・管理・総務
エリアマネジャー,マネジメント
キッチンマネジャー,その他
営業エリアマネジャー,営業職・販売
サポート会社,その他
元営業,営業職・販売
商品提供,その他
建設部,その他
すき家,その他
営業総務,営業職・販売
チーフマネージャー,マネジメント
中四国,その他
企画管理職,企画系
食品事業部,その他
貴金属事業部,その他
玩具,現業
マーケット,マーケティング職
生鮮,現業
惣菜,現業
販売サービス,営業職・販売
食品部門,現業
水産担当,現業
部門担当,現業
家具,その他
プロ営業部門,営業職・販売
売り場マネージャー,マネジメント
木材,その他
デバイス営業,営業職・販売
デバイス事業本部,その他
半導体営業,営業職・販売
デバイス事業部,その他
仕入先担当,生産管理・調達・物流
ホームユース,その他
ウィメンズ担当,その他
販売職 店長,営業職・販売
販売 ウィメンズリーダー,営業職・販売
本部企画,企画系
調理業務,その他
営業部 店長,営業職・販売
第7地区,その他
ホール　キッチン,現業
第三営業部,営業職・販売
調理/ホール,現業
ITコンシェルジュ,エンジニア系
レンタル,その他
書籍,その他
第一営業部,営業職・販売
血液浄化,その他
営業開発,開発・設計・技術
海外営業課,営業職・販売
科学事業営業マーケティング本部,営業職・販売
商品開発・企画,開発・設計・技術
科学事業,その他
営業(医療),営業職・販売
生産工場責任者,製造
イノベーション本部,企画系
業務用プリンタ,その他
産業用インクジェット,その他
R&Ｄ,研究開発
画像システム開発部,開発・設計・技術
デジタル推進,その他
リコージャパン,その他
統括営業部,営業職・販売
品質技術管理,開発・設計・技術
ソフトウェア・エンジニア,エンジニア系
プロダクションプリンタ,その他
画像系　研究開発　課長レベル,研究開発
複合機開発,開発・設計・技術
知的財産,法務
エレキエンジニア,エンジニア系
既製品,その他
ジュニアスタイリスト,その他
メンズ営業部,営業職・販売
広島,その他
新規営業,営業職・販売
インテリア部門,その他
DPS,その他
技術・開発,開発・設計・技術
情報事業,その他
ＩＴ部,その他
大阪営業統括部,営業職・販売
ショールームスタッフ,営業職・販売
ショールームアドバイザー,営業職・販売
情コミ,その他
情報コミュニケーション事業本部,その他
パッケージソリューション事業部,その他
情報コミュニケーション,その他
技術・企画,開発・設計・技術
生活系,その他
パッケージ,その他
DXデザイン事業本部,その他
パッケージソリューション,その他
生活産業事業本部,その他
産業資材,その他
東京営業部,営業職・販売
経営・事務,事務
営業統括,営業職・販売
情報機器事業部 営業部,営業職・販売
マネージメント,マネジメント
飲食事業部,その他
城西支社　営業部,営業職・販売
飲食事業部 社員,その他
グループマネージャー,マネジメント
大阪本社　営業部,営業職・販売
家電/企画・開発/ GM,開発・設計・技術
営業部門　部長職,営業職・販売
フードリカー営業,営業職・販売
販売店舗,営業職・販売
管理部門 マネージャー,コーポレート・管理・総務
ITセキュリティコンサルタント,コンサルタント
ビジネス開発本部,開発・設計・技術
西日本事業本部,その他
東日本第1事業本部第2営業部,営業職・販売
公共営業,営業職・販売
PF SE,SE/PM系
東日本事業本部　技術,その他
店舗運営本部,その他
店舗運営事業部,その他
開発生産部門,開発・設計・技術
間接部門・一般職,事務
薬事関連,その他
開発生産本部,開発・設計・技術
営業・管理,営業職・販売
コールスタッフ,その他
営業・企画職,営業職・販売
中古車販売と買取,営業職・販売
SP,その他
生産技術Ｇ,製造
生産技術部（カテーテル,製造
設計開発グループ,開発・設計・技術
時計,その他
デザイン部,その他
ジュエリーコーディネーター,その他
ジュエリーアドバイザー,その他
パッケージ関連,その他
情報イノベーション,その他
情報イノベーション事業部,その他
包装,その他
新規事業部門,その他
生活,その他
中央研究所,研究開発
包装事業部,その他
技術開発職　一般職,開発・設計・技術
情報ソリューション事業部　営業,営業職・販売
工場作業員,現業
横浜事業所,その他
副部長,マネジメント
店舗オペレーター,その他
接客・調理,営業職・販売
商品管理係,その他
京浜,その他
電設資材営業,営業職・販売
ビューティーアドバイザー,その他
管理栄養士,コーポレート・管理・総務
ジャパン事業部 店長,マネジメント
映像事業部,その他
光学本部,その他
生産管理/サービス関係,製造
半導体露光装置,その他
ソフトウェア設計・開発,開発・設計・技術
事業開発・製品開発,開発・設計・技術
産業機器　商品企画,企画系
コアテクノロジー本部,その他
情報技術者,エンジニア系
開発設計・商品企画・事業企画,開発・設計・技術
半導体関連部署,その他
半導体装置事業技術部,その他
半導体装置事業部　現地法人出向,その他
生産技術・開発,開発・設計・技術
露光装置設計,開発・設計・技術
半導体装置事業部製造部,製造
半導体事業部　装置最適化　一般,その他
管理系事務職,コーポレート・管理・総務
自社製品開発,開発・設計・技術
品質保証部・管理・課長,マネジメント
特機,開発・設計・技術
レンズ関係,その他
映事,その他
本社統括部門,その他
アパレル購買,その他
ジャパン関連,その他
経営企画部　課長代理,企画系
アパレル　フットウェア,その他
オニツカタイガー,その他
ライフスタイル,その他
シューズ,その他
工場 研究,研究開発
ハードウェア,その他
営業職種,営業職・販売
販促 マーケティング,マーケティング職
経営企画関連,企画系
楽器・音響営業本部,営業職・販売
塗装事業,その他
音楽教室,その他
ルート,その他
ハウス営業,営業職・販売
営業職　調査役,営業職・販売
管理部門部長職,コーポレート・管理・総務
管理部門　管理職,コーポレート・管理・総務
現業職,現業
関東支店,その他
管理・企画スタッフ,コーポレート・管理・総務
営業部門・事務アシスタント,営業職・販売
理系,その他
首都圏営業,営業職・販売
３Dデザイナー,デザイナー
組み込みソフトウェア,エンジニア系
企画制作本部,企画系
appエンジニア,エンジニア系
研究開発　15年,研究開発
直需,その他
代理店営業・主任,営業職・販売
ショールームリーダー,マネジメント
直需営業,営業職・販売
ファニチャー営業,営業職・販売
オフィス営業,営業職・販売
ファニチャー事業,その他
営業・マーケティング・経営,営業職・販売
管理部門　役職なし,コーポレート・管理・総務
某事業所　某職,その他
機械系,その他
相模原,その他
オフィス,その他
商環境営業本部,営業職・販売
オフィス営業本部,営業職・販売
営業促進,営業職・販売
スペースデザイナー,デザイナー
企画担当,企画系
経理・財務部,経理財務
管理部署,コーポレート・管理・総務
金属資源部門,その他
生活産業,その他
総合職　営業,営業職・販売
食料,その他
電力・エネルギー・金属グループ,その他
CS部門,その他
海外電力事業本部,その他
トレーディング,その他
商品ユニット-企画管理部門,企画系
直営店販売員,営業職・販売
法務・審査・コンプライアンス,法務
第二自動車営業部,営業職・販売
合成樹脂,その他
電子資材,その他
繊維製品・営業,営業職・販売
アパレル事業部,その他
金属部門,その他
グローバル職,その他
貿易実務,その他
金属本部,その他
エネルギーインフラ開発/海外営業,開発・設計・技術
総合職　海外担当,マーケティング職
リスクマネジメント,コーポレート・管理・総務
グローバル部品ロジスティクス本部,その他
食糧,その他
貿易,その他
事業企画系,企画系
小売営業,営業職・販売
インフラ事業,その他
事業投資,専門職
金属資源本部,その他
機械・自動車,その他
金属資源,その他
トレーダー,専門職
CFO,マネジメント
社内物流コンサルタント,コンサルタント
営業(経理入社),営業職・販売
事業支援ユニット,その他
卸売,その他
事務系部門総合職,事務
ウェーハ搬送装置開発,開発・設計・技術
SPE事業部,その他
ホーム事業部,その他
カーライフ,その他
食糧部,その他
ホーム事業,その他
食料部,その他
ファーマシー事業部,その他
機工事業部,その他
インセールス,営業職・販売
生産材・営業,営業職・販売
機工,その他
消費財,その他
営業5課,営業職・販売
機会営業,営業職・販売
ICTメディア,その他
財務・金融,経理財務
メディア・生活関連事業部門,その他
生活不動産事業部門,その他
建機,その他
金属事業部門,その他
メディア・デジタル,その他
資源化学品,その他
輸送機建機,その他
輸送機建機部門,その他
メディア・生活産業,その他
全体,その他
新人,その他
経理の後,経理財務
IT系,その他
情報・ICT系,その他
システムズエンジニアリング,エンジニア系
経営企画部,企画系
ITエンジニア職,エンジニア系
公共事業営業部門,営業職・販売
教育部門,その他
投資部門,専門職
営業・事業投資先管理,営業職・販売
産業インフラグループ,その他
非資源,その他
総合商社,その他
エネルギー系,その他
不動産投資部門,専門職
食品関連,その他
営業グループ,営業職・販売
総合職/営業,営業職・販売
投資管理,専門職
機能化学品本部　営業,営業職・販売
エレクトロ,その他
航空事業部,その他
産業機械事業本部,その他
ロジスティクス,その他
エリアビジネス,その他
事務機器,事務
直販部門,その他
OC法人営業担当,営業職・販売
管理職相当,コーポレート・管理・総務
外部仕入商品担当部署,生産管理・調達・物流
営業管理部門,営業職・販売
BSカンパニー,その他
電力部,その他
大型機械部門,その他
営業 担当課長,営業職・販売
営業 機械,営業職・販売
工業,その他
営業（課長）,営業職・販売
飼料畜産,その他
住環境,その他
卸売業,その他
工業機械,その他
工業系,その他
鉄鋼本部,その他
法務審査,法務
非鉄鋼の営業,営業職・販売
営業部門担当,営業職・販売
物資,その他
営業部門事務,営業職・販売
専門事務職,事務
消耗品チーム営業,営業職・販売
支店業務部,その他
医薬品研究所,研究開発
バスキュラー事業部,その他
製品,その他
エネルギー部門,その他
支社経理,経理財務
環境保安部,その他
ガス,その他
資材事業,その他
資材事業本部,その他
住宅部門,その他
住宅販売　営業,営業職・販売
事業開発本部,開発・設計・技術
資材販売,営業職・販売
住宅技術系,開発・設計・技術
建材,その他
計装制御,開発・設計・技術
プレセールス,営業職・販売
SE 主任,SE/PM系
給油部,その他
石油事業部,その他
総合職（非営業）,営業職・販売
経企・経理,経理財務
情報電子第一本部,その他
THE NORTH FACE 事業部,その他
現職,その他
営業社員,営業職・販売
経理財務部,経理財務
デサントブランド,その他
専門店営業,営業職・販売
運営管理,その他
建機レンタル・販売,営業職・販売
CL,その他
石油,その他
ＣＬ事業本部,その他
自動車整備士,現業
LI事業部,その他
ライセンス,その他
拠点営業,営業職・販売
仕入業務部嘱託社員,その他
DTB事業　ルートセールス,営業職・販売
食品卸,その他
卸事業,その他
業務スーパー,その他
ディストリビューター,生産管理・調達・物流
経理/財務,経理財務
本社　管理部門,コーポレート・管理・総務
店舗勤務　本社勤務,コーポレート・管理・総務
店舗→本社,その他
営業・営業技術・製造部長,営業職・販売
木曽路,現業
焼肉部門店長,マネジメント
生産調達,製造
商品開発部門,開発・設計・技術
ライフスタイル事業部,その他
商品管理部,生産管理・調達・物流
ベルメゾンコールセンター,その他
カジュアル事業部,その他
店頭販売員,営業職・販売
カジュアル部門,その他
紳士服,営業職・販売
売場担当,営業職・販売
部門主任,マネジメント
店舗販売スタッフ,営業職・販売
営業:店頭販売,営業職・販売
コーナー責任者,その他
キッズ,その他
接客・販売,営業職・販売
南関東支店,その他
エネルギー事業部,その他
店舗担当,現業
水産,現業
生活関連,現業
農産,現業
販売担当,営業職・販売
加工食品/役職なし,現業
グロサリー,現業
店舗担当者,現業
青果,現業
惣菜部門,現業
サブチーフ,その他
水産部門,現業
店舗運営・営業,営業職・販売
店舗販売・営業,営業職・販売
本社企画,企画系
店舗/店長,マネジメント
グロッサリー,現業
オペレーションライン,現業
ハードアンドグリーン,現業
大型店,現業
売り場担当者,営業職・販売
部門担当者,その他
Ｊｒ．バイヤー,生産管理・調達・物流
リージョナル社員,その他
店担当,現業
TSC事業部　店舗,現業
郊外型店舗,現業
洋服の青山業態,現業
営業部洋服の青山業態,営業職・販売
スーツカンパニー,現業
ザスーツカンパニー,現業
洋服の青山,現業
店舗部,現業
店舗在職,現業
食料品,その他
販売担当職,営業職・販売
特選,その他
リアル店舗,その他
販売など,営業職・販売
販売部主任,営業職・販売
販売職主任,営業職・販売
売場　ストアバイヤー,生産管理・調達・物流
日本橋,その他
販売・店舗運営,営業職・販売
外商部,営業職・販売
店頭接客販売,営業職・販売
グループ,その他
エポスカード,その他
フィンテック事業,その他
カード事業部　係長,マネジメント
本社スタッフG4,コーポレート・管理・総務
イベント企画,企画系
カード事業,その他
販売管理,営業職・販売
グループ会社課長,マネジメント
グループ会社　管理部門　課長,マネジメント
プロセシング事業部,その他
北海道支社,その他
SS,その他
セールス職,営業職・販売
マーケティング&営業,営業職・販売
カウンター専門職,現業
ショップ員,現業
事務営業,営業職・販売
カウンター営業,営業職・販売
部門チーフ,その他
グロッサリー部門,現業
FES部門,現業
デイリーチーフ,その他
小売り,現業
GMS　食品フロア,現業
惣菜事業部,現業
食品部青果,現業
食品部,現業
食品部デイリー,現業
食品レジ,現業
デイリー,その他
衣料品,現業
海外進出支援,その他
日配品,その他
加工食品,現業
青果部門,現業
売り場,現業
精肉部門,現業
日配主任,現業
デリカ販売部門,営業職・販売
日配,その他
寿司,その他
鮮魚部,その他
スポーツ用品販売,営業職・販売
ゴルフ,その他
配送事務,事務
携帯電話担当,その他
近畿,その他
化学品部門・営業・なし,営業職・販売
整備士,現業
新車販売,営業職・販売
リテール,営業職・販売
ストラクチャードファイナンス,専門職
システム企画部,SE/PM系
部長代理,マネジメント
金融インフラ部門,その他
本店勤務,コーポレート・管理・総務
YUITO,その他
プロジェクトファイナンス,専門職
コーポレートスタッフ部門,コーポレート・管理・総務
本部営業,営業職・販売
調査役,マーケティング職
シンジケートローン部,その他
事業法人営業,営業職・販売
リスク管理,その他
運用企画,企画系
法人業務,営業職・販売
リスク関連,その他
法人・リテール事業本部,営業職・販売
法人リテール,営業職・販売
コーポレートバンキング部門,コーポレート・管理・総務
コンプライアンス,その他
総合職 本部 法人営業,営業職・販売
リテール一般職,営業職・販売
リテール部門,営業職・販売
リテール企画,企画系
お客さまサービス課,その他
法人ソリューション,その他
カウンターセールス,営業職・販売
融資課,その他
企画・管理,企画系
コーポレートビジネス部,コーポレート・管理・総務
営業一課,営業職・販売
某大規模支店,その他
支店勤務・渉外課,営業職・販売
アパマン担当,営業職・販売
法人コース,営業職・販売
外国為替,その他
リテール総合職,営業職・販売
お客さま相談課,その他
総合職リテールコース,営業職・販売
ホールセール,営業職・販売
個人,営業職・販売
市場,その他
投資銀行,専門職
法人営業部・ホールセール部門,営業職・販売
ファイナンシャル・ソリューション統括部,その他
総合リテール職,営業職・販売
ホールセール部門,営業職・販売
大企業,その他
市場営業部門,営業職・販売
営業係,営業職・販売
ローカウンター,営業職・販売
窓口テラー,営業職・販売
ローテラー,営業職・販売
企画調査,企画系
渉外/一般,営業職・販売
本部・営業店,営業職・販売
事務・総合二級,事務
一般職・ローン担当,営業職・販売
融資　営業,営業職・販売
事務・営業,営業職・販売
渉外担当,営業職・販売
事務 営業,営業職・販売
審査,その他
取引先課,その他
取引先一課,その他
コンサルティング課,コンサルタント
MP,その他
法個人,営業職・販売
総合職2級　支店配属　渉外業務,営業職・販売
営業店勤務・法人営業,営業職・販売
融資係,営業職・販売
地区担当,営業職・販売
ローンセンター,営業職・販売
個人渉外,営業職・販売
金融全般,その他
営業店勤務,営業職・販売
法人融資・営業,営業職・販売
営業渉外,営業職・販売
リテールローン,営業職・販売
営業店／融資,営業職・販売
Fコース　営業店　融資グループ配属,営業職・販売
一般行員,その他
融資渉外,営業職・販売
銀行,その他
支店 融資課,営業職・販売
預金,その他
本店営業部,営業職・販売
個人課,営業職・販売
事務業,事務
営業個人,営業職・販売
銀行業,その他
内部,コーポレート・管理・総務
融資窓口,その他
渉外　預かり資産,営業職・販売
融資担当,営業職・販売
支店行員,営業職・販売
内部事務,事務
フリー,その他
預り資産業務,その他
ライフプランコンサルタント,コンサルタント
法人・個人営業,営業職・販売
預かり資産営業,営業職・販売
融資業務,営業職・販売
融資営業,営業職・販売
個人融資,営業職・販売
預金係,その他
審査部門,その他
支店長代理,マネジメント
得意先係,営業職・販売
本部　管理職,コーポレート・管理・総務
第一法人営業部,営業職・販売
営業現場,営業職・販売
アシマネ,マネジメント
営業店　個人担当,営業職・販売
運用部門,その他
営業業務職,営業職・販売
法人関連業務,その他
長野　営業,営業職・販売
個人法人営業,営業職・販売
都内営業店,営業職・販売
MA,専門職
得意先,営業職・販売
支店　個人営業,営業職・販売
預金事務営業,営業職・販売
事業性,営業職・販売
法人ＲＭ,営業職・販売
窓口事務,事務
営業 窓口,営業職・販売
後方事務,事務
個人外交,営業職・販売
特定職渉外,営業職・販売
テラー,その他
営業窓口,営業職・販売
預金事務,事務
支店配属,営業職・販売
融資事務,事務
AD,その他
営業店事務,営業職・販売
代理,その他
CA職,その他
広島支店　渉外係,営業職・販売
エリア職,営業職・販売
営業店　支店長代理,営業職・販売
鳥取銀行営業,営業職・販売
役席,マネジメント
金融機関,その他
リスク管理部門,コーポレート・管理・総務
影響,その他
得意先課,営業職・販売
A職,その他
支店勤務/個人営業/一般職,営業職・販売
総合G,その他
外回り,営業職・販売
テラー業務,その他
窓口出納,その他
法人融資,営業職・販売
不詳,その他
法人営業支援,営業職・販売
個人・法人営業,営業職・販売
内部窓口,その他
行員,その他
窓口営業係,営業職・販売
渉外営業,営業職・販売
金融事務,事務
金融業,その他
金融サービス業,営業職・販売
法人/個人営業,営業職・販売
本部職員,その他
営業・事務管理,営業職・販売
会計等,経理財務
銀行員,その他
審査関連,その他
事業性融資,営業職・販売
営業店配属,営業職・販売
IT・システムグループ,SE/PM系
営業部（上場企業）,営業職・販売
IT・システム,SE/PM系
個人部門,営業職・販売
ファイナンシャルコンサルタント,コンサルタント
中堅中小RM,その他
基幹職（総合）,その他
総合職(基幹職),その他
法人部,営業職・販売
調査部門,マーケティング職
お客様サービス課,その他
個人営業課,営業職・販売
企画・事務,企画系
内部管理,コーポレート・管理・総務
本部 企画部門,企画系
法人RM,その他
プロダクツ,企画系
本部　営業店,営業職・販売
リテール推進部,営業職・販売
本支店,その他
得意先グループ,その他
本部事務,事務
職種,その他
専門営業,営業職・販売
コーポレート営業部,営業職・販売
国内リース営業,営業職・販売
リース,営業職・販売
国内リース事業分野,営業職・販売
東京支店　営業,営業職・販売
スペシャルティ部門,その他
国際関連,その他
マーケティング担当,マーケティング職
管理職でない,コーポレート・管理・総務
ミドルバック,その他
渉外グループ,営業職・販売
支店にて事務,事務
地区担当営業,営業職・販売
融資部,営業職・販売
店頭営業,営業職・販売
リテール専担,営業職・販売
一般渉外,営業職・販売
内勤事務,事務
法人個人営業,営業職・販売
一般職　預金事務,事務
本部管理職,コーポレート・管理・総務
個人営業 事務,営業職・販売
融資管理,コーポレート・管理・総務
渉外課,営業職・販売
金融専門,その他
銀行業務全般,その他
事務課,事務
支店窓口,営業職・販売
中国事業カード部門,その他
グループ営業,営業職・販売
海外子会社出向,その他
営業本部　課長,営業職・販売
カード業務,その他
関係会社,その他
審査センター,その他
事務業務,事務
クレジットカード,その他
全国転勤型,その他
事業投資部門,専門職
事業投資グループ,専門職
法人金融部門,その他
投資銀行本部,専門職
専門部署,その他
国内一般営業,営業職・販売
事業経営,企画系
企画課,企画系
コーポレートセンター,コーポレート・管理・総務
資産管理部門,専門職
法人事業部,人事
営業・リーダー,営業職・販売
営業センター,営業職・販売
海外現法,マーケティング職
投資部,専門職
投資担当,専門職
グローバルマーケット,マーケティング職
資産コンサルタント,コンサルタント
グローバルマーケッツ部門,マーケティング職
IB部門,専門職
資産コンサルタント課,コンサルタント
FA課,その他
総合職全域型,その他
M&A部,専門職
営業(個人・法人),営業職・販売
証券部門,専門職
ウェルス・マネジメント,その他
ファイナンシャルパートナー課,その他
ファイナンシャルコンサルティング課,コンサルタント
FA社員（営業専門職）,営業職・販売
ファイナンシャルアドバイザー,専門職
支店リテール営業,営業職・販売
投資営業課,営業職・販売
株式情報室,専門職
投資戦略部,専門職
リテール営業（エリア限定職）,営業職・販売
東京都内　営業,営業職・販売
営業職　主任級,営業職・販売
情報部,その他
リテール営業部,営業職・販売
商品業務統括部,その他
リテール職,営業職・販売
人材育成部,人事
資産アドバイザー,専門職
研修部,人事
保険金サービス,その他
一般営業,営業職・販売
保険金支払い,その他
保険金支払い部門,その他
総合系グローバル,コーポレート・管理・総務
自動車SC物損担当,その他
保険金サービス部,その他
SOMPOシステムズ,SE/PM系
海外関連,その他
企業営業,営業職・販売
営業　業務管理,営業職・販売
自動車営業部,営業職・販売
ディーラー営業,営業職・販売
損害サービス部門,その他
専門系職員,専門職
取引管理,専門職
ＩＴ部門　SE,SE/PM系
商品サービス,その他
顧客対応,その他
フロントサービス課,その他
資産形成課,専門職
講師顧問部,専門職
窓口ハイテラー,専門職
マネーコンサルタント（窓口営業）,営業職・販売
個人営業・一般,営業職・販売
個人店舗,その他
本部事務職員,事務
非営業部門,営業職・販売
損害サポート,その他
サービスセンター,その他
全域職,その他
ディーラー営業部門,営業職・販売
本社管理,コーポレート・管理・総務
損害サポート部,その他
損害サポート部門,その他
IT推進部,その他
全域型,その他
損サ,その他
営業・商品管理,営業職・販売
営業推進部門・課長,営業職・販売
自動車損害サポート部,その他
職域営業,営業職・販売
品川支社　新高輪支部,その他
首都圏マーケット統括部,マーケティング職
ライフプロフェッショナル職,コンサルタント
運用職,その他
アクチュアリー,専門職
お客さまサービス部,その他
調査,マーケティング職
セールスレディ,営業職・販売
コンサルティング営業室,営業職・販売
コンサルティング営業,営業職・販売
首都圏コンサルティング営業室,営業職・販売
企画・人事,人事
損害サービス,その他
ディーラー部門,その他
損害部門,その他
ディーラーチャネル,その他
コマーシャル,その他
コマーシャル営業,営業職・販売
営業支社,営業職・販売
営業系コーポレート,営業職・販売
損害保険,その他
パーソナル,その他
自動車営業,営業職・販売
地方営業部,営業職・販売
損害サ一ビス部門,その他
保健師,専門職
メンタルヘルス部門,その他
システム担当者,SE/PM系
営業・コンサルタント,営業職・販売
メンタルヘルス,その他
メンタルヘルスマネジメント,その他
メンタルヘルス事業部門,その他
メンタリティマネジメント,専門職
神奈川支店,その他
リース営業,営業職・販売
税理士推進部門,専門職
主計,その他
外交員,営業職・販売
内務職,事務
福利厚生プランナー,専門職
TKC企業保険支社・支社,その他
支社営業,営業職・販売
営業 企画,営業職・販売
支社総合職,その他
営業職員管理,営業職・販売
営業・開発,開発・設計・技術
コーポレート 企画,コーポレート・管理・総務
ビルディング部門,その他
ホテルリゾート本部,その他
ライン部門,その他
ビルディング本部,その他
正社員アシスタント,事務
開発／アセットマネージメント,開発・設計・技術
ビル営業部,営業職・販売
開発・営業,開発・設計・技術
ビル,その他
ビル部門,その他
ビルマネジメント,その他
ビル事業,その他
注文住宅事業本部,その他
新規事業企画・開発,開発・設計・技術
注文住宅,その他
ビル管理,その他
新築そっくりさん,その他
住宅再生,その他
マンション事業部,その他
新築マンションそっくり,その他
新築マンション,その他
住宅再生事業本部,その他
プロパティマネジメント,その他
賃貸管理,その他
賃貸営業部,営業職・販売
建築請負,その他
建築請負営業,営業職・販売
資産管理部,コーポレート・管理・総務
建築請負営業部,営業職・販売
請負事業部,その他
土地活用,その他
アメニティサービス,その他
賃貸管理課,その他
新築販売,営業職・販売
マンション営業,営業職・販売
投資,専門職
不動産事業,その他
新規開拓営業,営業職・販売
開発課,開発・設計・技術
施設管理,コーポレート・管理・総務
オフィススタッフ,その他
営業・オペレーション,営業職・販売
現場配属,現業
営業本部・営業担当,営業職・販売
商業施設運営,その他
事業所,その他
営業企画・運営管理,営業職・販売
現場オペレーション,現業
現場　マネージャー,マネジメント
不動産賃貸営業,営業職・販売
インストラクター総合職,専門職
スポーツクラブ,その他
スポーツクラブ部,その他
スポーツクラブ事業部,その他
アセットソリューション,その他
アセットソリューション事業部,その他
アセットマネジメント本部,その他
PM 事業部,SE/PM系
プロパティマネジメント事業部,その他
リーシングマネジメント事業部,その他
第二営業,営業職・販売
第二営業部,営業職・販売
駅現業,現業
鉄道事業本部,その他
サービス課,その他
鉄道事業本部工務部,開発・設計・技術
運輸営業部,営業職・販売
鉄道現業,現業
鉄道営業,営業職・販売
運転車両部,現業
駅務係,現業
駅務,現業
運転士,現業
運転,現業
駅事務,事務
エキスパート職,現業
乗務員,現業
車掌,現業
電車運転士,現業
鉄道営業部,営業職・販売
井の頭線,現業
建設系,その他
車両電気部,現業
総合職 管理,コーポレート・管理・総務
駅係員,現業
列車乗務員,現業
運輸部旅客サービス課,現業
駅務員,現業
乗務員区,現業
駅営業・乗務員,営業職・販売
不動産関係,その他
保守土木,現業
現業機関,現業
駅勤務,現業
プロ採　建築,専門職
駅員,現業
駅営業,営業職・販売
電気設備保守管理,現業
保線,現業
鉄道業,現業
車両メンテナンス,現業
駅事業部,現業
電力技術,開発・設計・技術
非現業,その他
技術系総合職(電気),開発・設計・技術
工務系統,その他
関連事業,その他
プロ職（運輸）,専門職
金沢支社,その他
電力社員,その他
車両部門,現業
保線業務,現業
鉄道職,現業
管理係,コーポレート・管理・総務
間接工務,現業
工務・間接,現業
現場係員,現業
土木系,開発・設計・技術
在来線管理,現業
保守メンテナンス,開発・設計・技術
技術　施設,開発・設計・技術
車両,その他
プロフェッショナル職,専門職
技術職（電気・弱電）,開発・設計・技術
電気系統,開発・設計・技術
新幹線,現業
車両・機械系統,開発・設計・技術
プロフェッショナル職 施設,専門職
在来線,現業
車両機械,開発・設計・技術
本社（電気系統）,開発・設計・技術
建設部門,その他
現業（運輸営業）,営業職・販売
新幹線鉄道事業本部,その他
新幹線鉄道事業本部　施設部,現業
プロ職(電気・弱電),専門職
広報部,マーケティング職
電気・システム系統,SE/PM系
車両開発,開発・設計・技術
駅係員・車掌,現業
倉庫作業員,現業
評価試験,開発・設計・技術
物流センター,その他
国際物流,その他
鋼板厚板課,その他
国際物流事業本部,その他
Sales Exective,営業職・販売
輸出営業,営業職・販売
運輸職,現業
営業職・管理職,営業職・販売
支社管理者,マネジメント
現場作業,現業
助手,現業
現業部,現業
現場→管理部門,コーポレート・管理・総務
生活関連部門,その他
総合職 事務系,事務
ホテル事業,その他
オフィス系,その他
事業部へ出向,その他
鉄道企画部,企画系
運転課,現業
運輸部門,現業
列車区,現業
安全保安部,その他
鉄道運輸職,現業
不動産　開発,開発・設計・技術
施設系,現業
鉄道乗務員,現業
運転保安部,その他
税関,その他
営業 法人営業 主任,営業職・販売
輸出入センター,その他
配車,その他
物流情報サービスグループ,その他
情報センター,その他
倉庫リフトマン,現業
アジャスター,専門職
LH,その他
物流サービスグループ,その他
ロジスティクスマネジメント,専門職
物流情報,その他
茨木事業所,その他
物流情報グループ,その他
物流サービス事業部,その他
海運・倉庫,その他
海運,その他
ロジスティックス,生産管理・調達・物流
航空事業支店国際貨物,その他
航空貨物部,その他
陸上,その他
国際海運,その他
海外引越,その他
海運部門,その他
海運事業,その他
引越,現業
海運事業支店,その他
国際貨物,その他
航空事業支店,その他
航空部門,その他
国際航空,その他
国際航空貨物,その他
航空貿易,その他
輸出支店,その他
航空事業部・国内,その他
陸上部門　営業事務,営業職・販売
事業所主任,その他
陸運,その他
物流運用,その他
セールスドライバー,営業職・販売
輸入営業,営業職・販売
プラント工事,その他
3PL,その他
業務管理,その他
機械器具設置工事業,その他
ロジスティクスソリューション事業本部,その他
構内,その他
BS,その他
通関,その他
プラントエンジニア/工事担当,エンジニア系
メンテ,その他
PE企画部,企画系
機械整備,現業
営業・業務,営業職・販売
物流・管理,生産管理・調達・物流
機工部門,その他
構内事業,その他
配管工,現業
乙仲,生産管理・調達・物流
在庫管理,生産管理・調達・物流
通関部,その他
東京通関課,その他
国際営業,営業職・販売
航空輸送部門,その他
航空部,その他
オペレーター職,現業
デリバリ,その他
総合職・現場(配車),現業
現場　主務,現業
リフトオペレーター,現業
倉庫担当,現業
事務員総合職,事務
業務員,その他
倉庫内スタッフ,現業
本社管理部,コーポレート・管理・総務
現業社員,現業
夜勤作業員,現業
SD,その他
品質改善,その他
到着,その他
運送,現業
BC,その他
路線ドライバー,現業
